"gene","HuDeCa nose","Human hPSC","Human medial eminence","Human HypoMap","Mouse HypoMap"
"1500009C09RIK",FALSE,FALSE,FALSE,FALSE,TRUE
"1700001L19RIK",FALSE,FALSE,FALSE,FALSE,TRUE
"1700003E16RIK",FALSE,FALSE,FALSE,FALSE,TRUE
"1700012B09RIK",FALSE,FALSE,FALSE,FALSE,TRUE
"1700056E22RIK",FALSE,FALSE,FALSE,FALSE,TRUE
"1700086L19RIK",FALSE,FALSE,FALSE,FALSE,TRUE
"2010204K13RIK",FALSE,FALSE,FALSE,FALSE,TRUE
"2300009A05RIK",FALSE,FALSE,FALSE,FALSE,TRUE
"2410006H16RIK",FALSE,FALSE,FALSE,FALSE,TRUE
"2600006K01RIK",FALSE,FALSE,FALSE,FALSE,TRUE
"4933407L21RIK",FALSE,FALSE,FALSE,FALSE,TRUE
"9130230N09RIK",FALSE,FALSE,FALSE,FALSE,TRUE
"A930003A15RIK",FALSE,FALSE,FALSE,FALSE,TRUE
"ABCA3",FALSE,TRUE,FALSE,FALSE,FALSE
"ABCA4",FALSE,FALSE,FALSE,TRUE,FALSE
"ABCC9",FALSE,FALSE,TRUE,FALSE,FALSE
"ABHD11OS",FALSE,FALSE,FALSE,FALSE,TRUE
"ABI1",FALSE,FALSE,TRUE,FALSE,FALSE
"ABLIM3",FALSE,TRUE,FALSE,FALSE,FALSE
"AC004816.1",FALSE,TRUE,FALSE,FALSE,FALSE
"AC004943.2",FALSE,TRUE,FALSE,FALSE,FALSE
"AC007938.3",FALSE,TRUE,FALSE,FALSE,FALSE
"AC092957.1",FALSE,FALSE,FALSE,TRUE,FALSE
"AC092958.2",FALSE,FALSE,FALSE,TRUE,FALSE
"AC093330.1",FALSE,FALSE,FALSE,TRUE,FALSE
"ACADL",FALSE,FALSE,TRUE,FALSE,FALSE
"ACBD7",FALSE,FALSE,FALSE,FALSE,TRUE
"ACOT7",FALSE,TRUE,FALSE,FALSE,FALSE
"ACTG1",FALSE,TRUE,FALSE,TRUE,FALSE
"ADAMTS9-AS2",FALSE,FALSE,TRUE,FALSE,FALSE
"ADAP1",FALSE,TRUE,FALSE,FALSE,FALSE
"ADGRL1",FALSE,TRUE,FALSE,FALSE,FALSE
"AES",FALSE,TRUE,FALSE,FALSE,FALSE
"AFF2",FALSE,TRUE,FALSE,FALSE,FALSE
"AHCYL1",FALSE,FALSE,TRUE,FALSE,FALSE
"AJAP1",FALSE,TRUE,FALSE,FALSE,FALSE
"AK3",FALSE,FALSE,TRUE,FALSE,FALSE
"AKR1C1",FALSE,TRUE,FALSE,FALSE,FALSE
"AKR1C2",FALSE,TRUE,FALSE,FALSE,FALSE
"AL133453.1",FALSE,FALSE,FALSE,TRUE,FALSE
"AL355338.1",FALSE,FALSE,FALSE,TRUE,FALSE
"AL359555.4",FALSE,FALSE,FALSE,TRUE,FALSE
"ALCAM",FALSE,TRUE,FALSE,FALSE,FALSE
"ALDH2",FALSE,TRUE,FALSE,FALSE,FALSE
"AMIGO2",FALSE,FALSE,FALSE,TRUE,FALSE
"ANGPT1",FALSE,FALSE,FALSE,FALSE,TRUE
"ANKRD10",FALSE,FALSE,TRUE,FALSE,FALSE
"ANKRD31",FALSE,FALSE,FALSE,FALSE,TRUE
"ANO1",FALSE,FALSE,FALSE,TRUE,FALSE
"ANP32A",FALSE,FALSE,FALSE,FALSE,TRUE
"ANTXR2",FALSE,FALSE,TRUE,FALSE,FALSE
"AP000462.1",FALSE,FALSE,FALSE,TRUE,FALSE
"AP1M2",FALSE,FALSE,FALSE,FALSE,TRUE
"AP1S1",FALSE,TRUE,FALSE,FALSE,FALSE
"AP2M1",FALSE,TRUE,FALSE,FALSE,TRUE
"APC",FALSE,TRUE,FALSE,FALSE,FALSE
"APOPT1",FALSE,TRUE,FALSE,FALSE,FALSE
"ARC",FALSE,FALSE,FALSE,FALSE,TRUE
"ARG1",FALSE,FALSE,FALSE,FALSE,TRUE
"ARG2",FALSE,TRUE,FALSE,FALSE,FALSE
"ARHGEF16",FALSE,FALSE,FALSE,FALSE,TRUE
"ARHGEF3",FALSE,FALSE,TRUE,FALSE,FALSE
"ARMH4",FALSE,FALSE,FALSE,FALSE,TRUE
"ARPC2",FALSE,TRUE,FALSE,FALSE,FALSE
"ARX",FALSE,TRUE,FALSE,FALSE,FALSE
"ASAP3",FALSE,FALSE,TRUE,FALSE,FALSE
"ASS1",FALSE,FALSE,FALSE,FALSE,TRUE
"ATAT1",FALSE,TRUE,FALSE,FALSE,FALSE
"ATF5",FALSE,FALSE,FALSE,FALSE,TRUE
"ATOX1",FALSE,TRUE,FALSE,FALSE,FALSE
"ATP13A4",FALSE,FALSE,TRUE,FALSE,FALSE
"ATP1B3",FALSE,TRUE,FALSE,FALSE,FALSE
"ATP5F1E",FALSE,TRUE,FALSE,FALSE,FALSE
"ATP6V0B",FALSE,TRUE,FALSE,FALSE,FALSE
"ATP6V0C",FALSE,FALSE,FALSE,TRUE,FALSE
"ATP6V0E2",FALSE,TRUE,FALSE,FALSE,FALSE
"ATP6V1B2",FALSE,FALSE,FALSE,FALSE,TRUE
"ATP8A2",TRUE,FALSE,FALSE,FALSE,FALSE
"ATPIF1",FALSE,FALSE,FALSE,FALSE,TRUE
"BACH2",FALSE,TRUE,FALSE,FALSE,FALSE
"BC023719",FALSE,FALSE,FALSE,FALSE,TRUE
"BCAR3",FALSE,FALSE,TRUE,FALSE,FALSE
"BCL11A",FALSE,TRUE,FALSE,FALSE,FALSE
"BCL6",FALSE,FALSE,TRUE,FALSE,FALSE
"BEX1",FALSE,FALSE,FALSE,FALSE,TRUE
"BEX2",FALSE,FALSE,FALSE,FALSE,TRUE
"BEX3",FALSE,FALSE,FALSE,FALSE,TRUE
"BMPR1B",FALSE,FALSE,TRUE,FALSE,FALSE
"BMPR1B-DT",FALSE,FALSE,FALSE,TRUE,FALSE
"BOC",FALSE,FALSE,TRUE,FALSE,FALSE
"BPIFB4",FALSE,FALSE,FALSE,FALSE,TRUE
"BRI3",FALSE,TRUE,FALSE,FALSE,FALSE
"BRINP3",FALSE,TRUE,FALSE,FALSE,FALSE
"BRK1",FALSE,TRUE,FALSE,FALSE,FALSE
"BTBD6",FALSE,TRUE,FALSE,FALSE,FALSE
"C11ORF96",FALSE,TRUE,FALSE,FALSE,FALSE
"C1D",FALSE,FALSE,FALSE,FALSE,TRUE
"C1ORF87",FALSE,FALSE,TRUE,FALSE,FALSE
"C1RL",FALSE,FALSE,TRUE,FALSE,FALSE
"C2ORF80",FALSE,TRUE,FALSE,FALSE,FALSE
"C4ORF48",FALSE,TRUE,FALSE,FALSE,FALSE
"CACNB4",FALSE,FALSE,FALSE,FALSE,TRUE
"CACNG5",FALSE,FALSE,FALSE,FALSE,TRUE
"CACYBP",FALSE,FALSE,FALSE,FALSE,TRUE
"CALM1",FALSE,FALSE,FALSE,FALSE,TRUE
"CALM2",FALSE,FALSE,FALSE,FALSE,TRUE
"CALM3",FALSE,TRUE,FALSE,FALSE,FALSE
"CALY",FALSE,FALSE,FALSE,TRUE,FALSE
"CAMK1D",FALSE,TRUE,FALSE,FALSE,FALSE
"CAMKV",FALSE,TRUE,FALSE,FALSE,FALSE
"CAPN1",FALSE,TRUE,FALSE,FALSE,FALSE
"CARMIL1",FALSE,TRUE,FALSE,FALSE,FALSE
"CASP7",FALSE,FALSE,TRUE,FALSE,FALSE
"CCDC146",FALSE,FALSE,TRUE,FALSE,FALSE
"CCDC3",FALSE,TRUE,FALSE,FALSE,FALSE
"CCDC68",FALSE,FALSE,FALSE,FALSE,TRUE
"CCNI",FALSE,FALSE,FALSE,TRUE,FALSE
"CD109",FALSE,FALSE,TRUE,FALSE,FALSE
"CD247",FALSE,FALSE,FALSE,FALSE,TRUE
"CDH11",FALSE,FALSE,TRUE,FALSE,FALSE
"CDH22",TRUE,FALSE,FALSE,FALSE,FALSE
"CDH6",FALSE,TRUE,FALSE,FALSE,FALSE
"CDK5R1",FALSE,TRUE,FALSE,FALSE,FALSE
"CDKL2",FALSE,FALSE,FALSE,FALSE,TRUE
"CDKN2D",FALSE,TRUE,FALSE,FALSE,FALSE
"CELF5",FALSE,TRUE,FALSE,FALSE,FALSE
"CELF6",FALSE,FALSE,FALSE,FALSE,TRUE
"CFAP126",FALSE,FALSE,FALSE,FALSE,TRUE
"CFAP20",FALSE,FALSE,FALSE,FALSE,TRUE
"CFAP206",FALSE,FALSE,FALSE,FALSE,TRUE
"CFAP73",FALSE,FALSE,TRUE,FALSE,FALSE
"CFC1",FALSE,TRUE,FALSE,FALSE,FALSE
"CFL1",FALSE,TRUE,FALSE,FALSE,FALSE
"CHCHD2",FALSE,FALSE,FALSE,FALSE,TRUE
"CHD5",FALSE,TRUE,FALSE,FALSE,FALSE
"CHGA",FALSE,TRUE,FALSE,FALSE,FALSE
"CHI3L1",FALSE,FALSE,TRUE,FALSE,FALSE
"CHIA1",FALSE,FALSE,FALSE,FALSE,TRUE
"CHP1",FALSE,FALSE,FALSE,FALSE,TRUE
"CHRNA3",TRUE,FALSE,FALSE,FALSE,FALSE
"CHRNB4",FALSE,FALSE,FALSE,FALSE,TRUE
"CISD3",FALSE,FALSE,FALSE,FALSE,TRUE
"CLDN3",FALSE,FALSE,FALSE,FALSE,TRUE
"CLDN7",FALSE,FALSE,FALSE,FALSE,TRUE
"CLDN9",FALSE,FALSE,FALSE,FALSE,TRUE
"CLIC3",FALSE,FALSE,FALSE,FALSE,TRUE
"CLK4",FALSE,TRUE,FALSE,FALSE,FALSE
"CLSTN2",FALSE,FALSE,FALSE,FALSE,TRUE
"CLTB",FALSE,TRUE,FALSE,FALSE,FALSE
"CNGB1",TRUE,FALSE,FALSE,FALSE,TRUE
"CNGB3",FALSE,FALSE,FALSE,FALSE,TRUE
"CNKSR1",FALSE,FALSE,FALSE,FALSE,TRUE
"CNMD",FALSE,FALSE,FALSE,FALSE,TRUE
"CNTN1",FALSE,TRUE,FALSE,FALSE,FALSE
"COCH",FALSE,FALSE,FALSE,FALSE,TRUE
"COL6A5",FALSE,FALSE,FALSE,TRUE,FALSE
"COPG2",FALSE,TRUE,FALSE,FALSE,FALSE
"CORO1A",FALSE,TRUE,FALSE,FALSE,FALSE
"COX17",FALSE,FALSE,FALSE,FALSE,TRUE
"COX20",FALSE,FALSE,FALSE,FALSE,TRUE
"COX4I1",FALSE,FALSE,FALSE,FALSE,TRUE
"CPQ",FALSE,FALSE,TRUE,FALSE,FALSE
"CRABP1",FALSE,FALSE,FALSE,TRUE,FALSE
"CRIP2",FALSE,TRUE,FALSE,FALSE,FALSE
"CRMP1",FALSE,TRUE,FALSE,FALSE,FALSE
"CRNDE",FALSE,FALSE,TRUE,FALSE,FALSE
"CRYBG3",FALSE,FALSE,TRUE,FALSE,FALSE
"CTNNA2",FALSE,TRUE,FALSE,FALSE,FALSE
"CXCL14",FALSE,FALSE,FALSE,FALSE,TRUE
"CXCR4",FALSE,FALSE,FALSE,FALSE,TRUE
"CXXC4",FALSE,TRUE,FALSE,FALSE,FALSE
"CYBRD1",FALSE,FALSE,TRUE,FALSE,FALSE
"CYSTM1",FALSE,FALSE,FALSE,FALSE,TRUE
"D130043K22RIK",FALSE,FALSE,FALSE,FALSE,TRUE
"DACT1",FALSE,TRUE,FALSE,FALSE,FALSE
"DDR2",FALSE,FALSE,TRUE,FALSE,FALSE
"DLGAP4",FALSE,TRUE,FALSE,FALSE,FALSE
"DLX1",FALSE,TRUE,FALSE,FALSE,FALSE
"DLX2",FALSE,TRUE,FALSE,FALSE,FALSE
"DLX5",FALSE,TRUE,FALSE,FALSE,TRUE
"DLX6",FALSE,TRUE,FALSE,FALSE,TRUE
"DLX6-AS1",FALSE,TRUE,FALSE,FALSE,FALSE
"DLX6OS1",FALSE,FALSE,FALSE,FALSE,TRUE
"DMRTB1",FALSE,FALSE,FALSE,FALSE,TRUE
"DNAH1",FALSE,FALSE,FALSE,FALSE,TRUE
"DNER",FALSE,TRUE,FALSE,FALSE,FALSE
"DNM3",FALSE,TRUE,FALSE,FALSE,FALSE
"DOC2B",FALSE,FALSE,FALSE,FALSE,TRUE
"DOCK5",FALSE,TRUE,FALSE,FALSE,FALSE
"DPF1",FALSE,TRUE,FALSE,FALSE,FALSE
"DPP6",FALSE,TRUE,FALSE,FALSE,FALSE
"DRAP1",FALSE,TRUE,FALSE,FALSE,FALSE
"DSEL",FALSE,TRUE,FALSE,FALSE,FALSE
"DUSP4",FALSE,TRUE,FALSE,FALSE,FALSE
"E2F6",FALSE,FALSE,FALSE,FALSE,TRUE
"EBF3",FALSE,FALSE,FALSE,FALSE,TRUE
"ECEL1",FALSE,TRUE,FALSE,TRUE,TRUE
"ECI3",FALSE,FALSE,FALSE,FALSE,TRUE
"EEF1A2",FALSE,TRUE,FALSE,FALSE,FALSE
"EFNB2",FALSE,TRUE,FALSE,FALSE,FALSE
"EGR1",FALSE,FALSE,FALSE,FALSE,TRUE
"EIF3E",FALSE,FALSE,FALSE,FALSE,TRUE
"EIF3S6-PS2",FALSE,FALSE,FALSE,FALSE,TRUE
"EIF4E3",FALSE,FALSE,FALSE,FALSE,TRUE
"ELAVL3",FALSE,TRUE,FALSE,FALSE,FALSE
"ELFN1",TRUE,FALSE,FALSE,TRUE,FALSE
"ENOX1",FALSE,TRUE,FALSE,FALSE,FALSE
"ENSG00000231533",TRUE,FALSE,FALSE,FALSE,FALSE
"ENSG00000233393",TRUE,FALSE,FALSE,FALSE,FALSE
"ENSG00000253476",TRUE,FALSE,FALSE,FALSE,FALSE
"ENSG00000254409",TRUE,FALSE,FALSE,FALSE,FALSE
"ENSG00000255326",TRUE,FALSE,FALSE,FALSE,FALSE
"ENSG00000259543",TRUE,FALSE,FALSE,FALSE,FALSE
"ENSG00000261650",TRUE,FALSE,FALSE,FALSE,FALSE
"ENSG00000287478",TRUE,FALSE,FALSE,FALSE,FALSE
"ENSG00000287645",TRUE,FALSE,FALSE,FALSE,FALSE
"ENTPD2",FALSE,FALSE,TRUE,FALSE,FALSE
"EPCAM",FALSE,FALSE,FALSE,FALSE,TRUE
"ETFB",FALSE,TRUE,FALSE,FALSE,FALSE
"ETFRF1",FALSE,FALSE,FALSE,FALSE,TRUE
"EYA2",FALSE,FALSE,FALSE,FALSE,TRUE
"F11R",FALSE,FALSE,FALSE,FALSE,TRUE
"FAM161B",FALSE,TRUE,FALSE,FALSE,FALSE
"FAM183B",FALSE,FALSE,FALSE,FALSE,TRUE
"FAM74A1",FALSE,FALSE,TRUE,FALSE,FALSE
"FAM89B",FALSE,TRUE,FALSE,FALSE,FALSE
"FAM92B",FALSE,FALSE,FALSE,FALSE,TRUE
"FAS",FALSE,FALSE,TRUE,FALSE,FALSE
"FAT3",FALSE,TRUE,FALSE,FALSE,FALSE
"FBXL16",FALSE,TRUE,FALSE,FALSE,FALSE
"FBXO17",FALSE,FALSE,FALSE,FALSE,TRUE
"FERMT2",FALSE,FALSE,TRUE,FALSE,FALSE
"FEZ1",FALSE,TRUE,FALSE,FALSE,FALSE
"FGD2",FALSE,FALSE,FALSE,FALSE,TRUE
"FGF14",FALSE,TRUE,FALSE,FALSE,FALSE
"FGF19",FALSE,TRUE,FALSE,FALSE,FALSE
"FGF2",FALSE,FALSE,TRUE,FALSE,FALSE
"FGF3",FALSE,TRUE,FALSE,FALSE,FALSE
"FHL1",FALSE,TRUE,FALSE,FALSE,FALSE
"FJX1",FALSE,FALSE,FALSE,TRUE,FALSE
"FKBP2",FALSE,FALSE,FALSE,FALSE,TRUE
"FMO2",FALSE,FALSE,TRUE,FALSE,FALSE
"FNDC4",FALSE,TRUE,FALSE,FALSE,FALSE
"FOXG1",FALSE,TRUE,FALSE,FALSE,FALSE
"FREM1",FALSE,FALSE,FALSE,FALSE,TRUE
"FRMPD2",FALSE,FALSE,TRUE,FALSE,FALSE
"FSTL3",FALSE,FALSE,FALSE,FALSE,TRUE
"FTH1",FALSE,TRUE,FALSE,FALSE,FALSE
"FUT8",FALSE,TRUE,FALSE,FALSE,FALSE
"GAA",FALSE,FALSE,FALSE,FALSE,TRUE
"GABRB2",FALSE,TRUE,FALSE,FALSE,FALSE
"GAD1",TRUE,FALSE,FALSE,FALSE,FALSE
"GAD2",FALSE,TRUE,FALSE,FALSE,FALSE
"GADD45G",FALSE,FALSE,FALSE,FALSE,TRUE
"GAL",FALSE,FALSE,FALSE,FALSE,TRUE
"GALNT15",FALSE,FALSE,TRUE,FALSE,FALSE
"GAP43",FALSE,FALSE,FALSE,FALSE,TRUE
"GAS5",FALSE,FALSE,FALSE,FALSE,TRUE
"GBX2",FALSE,FALSE,FALSE,TRUE,FALSE
"GCHFR",FALSE,FALSE,FALSE,FALSE,TRUE
"GCK",TRUE,FALSE,FALSE,FALSE,FALSE
"GDNF",FALSE,FALSE,FALSE,FALSE,TRUE
"GDPD5",FALSE,TRUE,FALSE,FALSE,FALSE
"GEM",FALSE,FALSE,FALSE,FALSE,TRUE
"GFY",FALSE,FALSE,FALSE,FALSE,TRUE
"GGH",FALSE,TRUE,FALSE,FALSE,FALSE
"GLI2",FALSE,FALSE,TRUE,FALSE,FALSE
"GLIS3",FALSE,FALSE,TRUE,FALSE,FALSE
"GM10782",FALSE,FALSE,FALSE,FALSE,TRUE
"GM10837",FALSE,FALSE,FALSE,FALSE,TRUE
"GM11572",FALSE,FALSE,FALSE,FALSE,TRUE
"GM11875",FALSE,FALSE,FALSE,FALSE,TRUE
"GM11978",FALSE,FALSE,FALSE,FALSE,TRUE
"GM12166",FALSE,FALSE,FALSE,FALSE,TRUE
"GM12285",FALSE,FALSE,FALSE,FALSE,TRUE
"GM13842",FALSE,FALSE,FALSE,FALSE,TRUE
"GM14004",FALSE,FALSE,FALSE,FALSE,TRUE
"GM14516",FALSE,FALSE,FALSE,FALSE,TRUE
"GM14586",FALSE,FALSE,FALSE,FALSE,TRUE
"GM15772",FALSE,FALSE,FALSE,FALSE,TRUE
"GM16140",FALSE,FALSE,FALSE,FALSE,TRUE
"GM16150",FALSE,FALSE,FALSE,FALSE,TRUE
"GM16265",FALSE,FALSE,FALSE,FALSE,TRUE
"GM16685",FALSE,FALSE,FALSE,FALSE,TRUE
"GM1673",FALSE,FALSE,FALSE,FALSE,TRUE
"GM19412",FALSE,FALSE,FALSE,FALSE,TRUE
"GM20442",FALSE,FALSE,FALSE,FALSE,TRUE
"GM20619",FALSE,FALSE,FALSE,FALSE,TRUE
"GM30239",FALSE,FALSE,FALSE,FALSE,TRUE
"GM32352",FALSE,FALSE,FALSE,FALSE,TRUE
"GM3375",FALSE,FALSE,FALSE,FALSE,TRUE
"GM36684",FALSE,FALSE,FALSE,FALSE,TRUE
"GM37583",FALSE,FALSE,FALSE,FALSE,TRUE
"GM38165",FALSE,FALSE,FALSE,FALSE,TRUE
"GM42912",FALSE,FALSE,FALSE,FALSE,TRUE
"GM44389",FALSE,FALSE,FALSE,FALSE,TRUE
"GM4602",FALSE,FALSE,FALSE,FALSE,TRUE
"GM47878",FALSE,FALSE,FALSE,FALSE,TRUE
"GM48124",FALSE,FALSE,FALSE,FALSE,TRUE
"GM48296",FALSE,FALSE,FALSE,FALSE,TRUE
"GM49857",FALSE,FALSE,FALSE,FALSE,TRUE
"GM5215",FALSE,FALSE,FALSE,FALSE,TRUE
"GM5905",FALSE,FALSE,FALSE,FALSE,TRUE
"GM6035",FALSE,FALSE,FALSE,FALSE,TRUE
"GM6065",FALSE,FALSE,FALSE,FALSE,TRUE
"GM6663",FALSE,FALSE,FALSE,FALSE,TRUE
"GM8420",FALSE,FALSE,FALSE,FALSE,TRUE
"GM9130",FALSE,FALSE,FALSE,FALSE,TRUE
"GM9333",FALSE,FALSE,FALSE,FALSE,TRUE
"GMPR",FALSE,FALSE,TRUE,FALSE,FALSE
"GNAL",FALSE,TRUE,FALSE,FALSE,FALSE
"GNAO1",FALSE,TRUE,FALSE,FALSE,FALSE
"GNG3",FALSE,FALSE,FALSE,FALSE,TRUE
"GNG8",FALSE,FALSE,FALSE,FALSE,TRUE
"GNRH1",TRUE,TRUE,TRUE,TRUE,TRUE
"GPR150",FALSE,FALSE,FALSE,FALSE,TRUE
"GPR153",FALSE,TRUE,FALSE,FALSE,FALSE
"GPR85",FALSE,TRUE,FALSE,FALSE,FALSE
"GRB7",FALSE,FALSE,FALSE,FALSE,TRUE
"GRIA2",FALSE,TRUE,FALSE,FALSE,FALSE
"GRID2",FALSE,TRUE,FALSE,FALSE,FALSE
"GRIK3",FALSE,TRUE,FALSE,FALSE,FALSE
"GRIN2B",FALSE,TRUE,FALSE,FALSE,FALSE
"GS1-34D21.1",FALSE,FALSE,TRUE,FALSE,FALSE
"GSTP1",FALSE,FALSE,FALSE,FALSE,TRUE
"GUK1",FALSE,TRUE,FALSE,FALSE,FALSE
"H2-DMB2",FALSE,FALSE,FALSE,FALSE,TRUE
"H2BC6",FALSE,FALSE,FALSE,FALSE,TRUE
"H2BU2",FALSE,FALSE,FALSE,FALSE,TRUE
"HAP1",FALSE,FALSE,FALSE,FALSE,TRUE
"HCFC1R1",FALSE,TRUE,FALSE,FALSE,FALSE
"HCN1",TRUE,FALSE,FALSE,FALSE,FALSE
"HCRT",FALSE,TRUE,FALSE,FALSE,FALSE
"HDAC1-PS",FALSE,FALSE,FALSE,FALSE,TRUE
"HES4",FALSE,TRUE,FALSE,FALSE,FALSE
"HIKESHI",FALSE,FALSE,FALSE,FALSE,TRUE
"HINT2",FALSE,FALSE,FALSE,FALSE,TRUE
"HIP1R",FALSE,TRUE,FALSE,FALSE,FALSE
"HMBOX1",FALSE,FALSE,TRUE,FALSE,FALSE
"HPCAL4",FALSE,TRUE,FALSE,FALSE,FALSE
"HRAS",FALSE,TRUE,FALSE,FALSE,FALSE
"HS3ST4",FALSE,TRUE,FALSE,FALSE,FALSE
"HSP90AB1",FALSE,FALSE,FALSE,FALSE,TRUE
"HSP90B1",FALSE,FALSE,FALSE,FALSE,TRUE
"HSPA1A",FALSE,FALSE,FALSE,FALSE,TRUE
"HSPA5",FALSE,FALSE,FALSE,FALSE,TRUE
"HYPK",FALSE,FALSE,FALSE,FALSE,TRUE
"IFT52",FALSE,FALSE,FALSE,FALSE,TRUE
"IFT81",FALSE,FALSE,FALSE,FALSE,TRUE
"IGLON5",FALSE,TRUE,FALSE,FALSE,FALSE
"IKZF3",FALSE,FALSE,FALSE,FALSE,TRUE
"IMMP1L",FALSE,FALSE,FALSE,FALSE,TRUE
"INAFM1",FALSE,TRUE,FALSE,FALSE,FALSE
"INKA2",FALSE,FALSE,FALSE,FALSE,TRUE
"INSRR",FALSE,TRUE,FALSE,FALSE,FALSE
"IQGAP2",FALSE,FALSE,FALSE,TRUE,FALSE
"IQSEC3",FALSE,TRUE,FALSE,FALSE,FALSE
"IRAG1",FALSE,FALSE,TRUE,FALSE,FALSE
"IRS1",FALSE,TRUE,FALSE,FALSE,FALSE
"ISL1",FALSE,TRUE,FALSE,FALSE,TRUE
"ISLR2",FALSE,FALSE,FALSE,FALSE,TRUE
"ITGB5",FALSE,FALSE,TRUE,FALSE,FALSE
"ITPK1",FALSE,TRUE,FALSE,FALSE,FALSE
"JPH3",FALSE,TRUE,FALSE,FALSE,FALSE
"JPT1",FALSE,TRUE,FALSE,FALSE,FALSE
"JUN",FALSE,FALSE,FALSE,FALSE,TRUE
"JUNB",FALSE,FALSE,FALSE,FALSE,TRUE
"JUP",FALSE,FALSE,TRUE,FALSE,FALSE
"KB-1303B4.4",FALSE,FALSE,TRUE,FALSE,FALSE
"KCNB2",FALSE,TRUE,FALSE,FALSE,FALSE
"KCNE4",FALSE,FALSE,TRUE,FALSE,FALSE
"KCNF1",FALSE,TRUE,FALSE,FALSE,FALSE
"KCNG4",FALSE,FALSE,FALSE,FALSE,TRUE
"KCNIP1",FALSE,TRUE,FALSE,FALSE,FALSE
"KCNK10",FALSE,TRUE,FALSE,FALSE,FALSE
"KCNMB2",FALSE,FALSE,FALSE,FALSE,TRUE
"KCTD16",TRUE,FALSE,FALSE,FALSE,FALSE
"KCTD9",FALSE,FALSE,TRUE,FALSE,TRUE
"KHDRBS3",FALSE,TRUE,FALSE,FALSE,FALSE
"KIF26B",FALSE,TRUE,FALSE,FALSE,FALSE
"KIFAP3",FALSE,TRUE,FALSE,FALSE,FALSE
"KISS1R",FALSE,FALSE,FALSE,FALSE,TRUE
"KIT",FALSE,FALSE,FALSE,FALSE,TRUE
"KITL",FALSE,FALSE,FALSE,FALSE,TRUE
"KLC1",FALSE,TRUE,FALSE,FALSE,FALSE
"KLC3",FALSE,FALSE,FALSE,FALSE,TRUE
"KLF7",FALSE,TRUE,FALSE,FALSE,FALSE
"KLHDC8B",FALSE,FALSE,FALSE,FALSE,TRUE
"KLHL1",TRUE,TRUE,FALSE,FALSE,FALSE
"KLHL14",FALSE,FALSE,FALSE,TRUE,FALSE
"KRT25",FALSE,FALSE,FALSE,FALSE,TRUE
"KRT8",FALSE,FALSE,FALSE,FALSE,TRUE
"KRTCAP3",FALSE,FALSE,FALSE,FALSE,TRUE
"LAMC2",FALSE,FALSE,FALSE,FALSE,TRUE
"LBH",FALSE,TRUE,FALSE,FALSE,FALSE
"LDHA",FALSE,FALSE,FALSE,FALSE,TRUE
"LGR4",FALSE,FALSE,TRUE,FALSE,FALSE
"LGR6",FALSE,FALSE,TRUE,FALSE,FALSE
"LHFPL6",FALSE,TRUE,FALSE,FALSE,FALSE
"LIFR",FALSE,FALSE,TRUE,FALSE,FALSE
"LINC00469",TRUE,FALSE,FALSE,FALSE,FALSE
"LINC00472",FALSE,FALSE,TRUE,FALSE,FALSE
"LINC01088",FALSE,FALSE,TRUE,FALSE,FALSE
"LINC01201",FALSE,TRUE,FALSE,FALSE,FALSE
"LINC01307",TRUE,FALSE,FALSE,FALSE,FALSE
"LINC01440",TRUE,FALSE,FALSE,FALSE,FALSE
"LINC01508",FALSE,TRUE,FALSE,FALSE,FALSE
"LINC02032",FALSE,FALSE,FALSE,TRUE,FALSE
"LINC02058",TRUE,FALSE,TRUE,FALSE,FALSE
"LINC02233",TRUE,FALSE,FALSE,FALSE,FALSE
"LINC02476",TRUE,FALSE,FALSE,FALSE,FALSE
"LPP",FALSE,FALSE,TRUE,FALSE,FALSE
"LRRC43",FALSE,FALSE,FALSE,FALSE,TRUE
"LRRN3",FALSE,TRUE,FALSE,FALSE,FALSE
"LY6H",FALSE,TRUE,FALSE,FALSE,FALSE
"MAB21L1",FALSE,FALSE,FALSE,FALSE,TRUE
"MAP1B",FALSE,TRUE,FALSE,FALSE,TRUE
"MAP1LC3A",FALSE,TRUE,FALSE,FALSE,FALSE
"MAPK4",FALSE,FALSE,TRUE,FALSE,FALSE
"MAPK8IP2",FALSE,TRUE,FALSE,FALSE,FALSE
"MAPT",FALSE,TRUE,FALSE,FALSE,FALSE
"MARCH1",FALSE,TRUE,FALSE,FALSE,FALSE
"MARCH6",FALSE,TRUE,FALSE,FALSE,FALSE
"MARVELD2",FALSE,FALSE,FALSE,FALSE,TRUE
"MAT2B",FALSE,FALSE,FALSE,FALSE,TRUE
"MB",FALSE,FALSE,FALSE,FALSE,TRUE
"MCOLN3",FALSE,FALSE,FALSE,FALSE,TRUE
"MCTP2",FALSE,FALSE,FALSE,FALSE,TRUE
"MCUB",FALSE,FALSE,FALSE,FALSE,TRUE
"MDFIC",FALSE,FALSE,TRUE,FALSE,FALSE
"MDGA2",FALSE,TRUE,FALSE,FALSE,FALSE
"MEAF6",FALSE,TRUE,FALSE,FALSE,FALSE
"MEF2C",FALSE,TRUE,FALSE,FALSE,FALSE
"MEI1",FALSE,FALSE,FALSE,FALSE,TRUE
"MEIS1",FALSE,FALSE,FALSE,FALSE,TRUE
"MEIS2",FALSE,TRUE,FALSE,FALSE,FALSE
"MEST",FALSE,TRUE,FALSE,FALSE,FALSE
"METTL15",FALSE,FALSE,TRUE,FALSE,FALSE
"METTL16",FALSE,FALSE,TRUE,FALSE,FALSE
"MGAT5",FALSE,TRUE,FALSE,FALSE,FALSE
"MGC32805",FALSE,FALSE,FALSE,TRUE,FALSE
"MGST1",FALSE,FALSE,TRUE,FALSE,FALSE
"MGST3",FALSE,TRUE,FALSE,FALSE,TRUE
"MIAT",TRUE,FALSE,FALSE,FALSE,FALSE
"MIR100HG",FALSE,FALSE,TRUE,FALSE,FALSE
"MIR217HG",TRUE,FALSE,FALSE,FALSE,FALSE
"MIR3663HG",TRUE,FALSE,FALSE,FALSE,FALSE
"MIR7-3HG",FALSE,TRUE,FALSE,FALSE,FALSE
"MIR99AHG",FALSE,FALSE,TRUE,FALSE,FALSE
"MITF",FALSE,FALSE,TRUE,FALSE,FALSE
"MKLN1",FALSE,FALSE,TRUE,FALSE,FALSE
"MPZL1",FALSE,FALSE,TRUE,FALSE,FALSE
"MRLN",FALSE,FALSE,FALSE,FALSE,TRUE
"MRPL42",FALSE,FALSE,FALSE,FALSE,TRUE
"MRPS12",FALSE,FALSE,FALSE,FALSE,TRUE
"MRPS15",FALSE,FALSE,FALSE,FALSE,TRUE
"MSI2",FALSE,FALSE,TRUE,FALSE,FALSE
"MUP6",FALSE,FALSE,FALSE,FALSE,TRUE
"MYL6B",FALSE,TRUE,FALSE,FALSE,FALSE
"MYLK",FALSE,FALSE,TRUE,FALSE,FALSE
"MYMK",FALSE,FALSE,FALSE,FALSE,TRUE
"MYO3B",FALSE,FALSE,FALSE,FALSE,TRUE
"NAGK",FALSE,FALSE,FALSE,FALSE,TRUE
"NANOS1",FALSE,TRUE,FALSE,FALSE,FALSE
"NAT1",FALSE,FALSE,TRUE,FALSE,FALSE
"NCAN",FALSE,TRUE,FALSE,FALSE,FALSE
"NCOA7",FALSE,TRUE,FALSE,FALSE,FALSE
"NDN",FALSE,FALSE,FALSE,FALSE,TRUE
"NDRG4",FALSE,TRUE,FALSE,FALSE,FALSE
"NDUFA1",FALSE,FALSE,FALSE,FALSE,TRUE
"NDUFA12-PS",FALSE,FALSE,FALSE,FALSE,TRUE
"NDUFAB1",FALSE,FALSE,FALSE,FALSE,TRUE
"NDUFB4",FALSE,FALSE,FALSE,FALSE,TRUE
"NDUFC1",FALSE,FALSE,FALSE,FALSE,TRUE
"NDUFV3",FALSE,FALSE,FALSE,FALSE,TRUE
"NECAB2",TRUE,FALSE,FALSE,FALSE,TRUE
"NEFL",FALSE,TRUE,FALSE,FALSE,FALSE
"NEUROD4",TRUE,FALSE,FALSE,FALSE,FALSE
"NHLH2",FALSE,FALSE,FALSE,FALSE,TRUE
"NME1",FALSE,FALSE,FALSE,FALSE,TRUE
"NME3",FALSE,TRUE,FALSE,FALSE,FALSE
"NMNAT2",FALSE,TRUE,FALSE,FALSE,FALSE
"NNAT",FALSE,FALSE,FALSE,TRUE,FALSE
"NOS1AP",FALSE,TRUE,FALSE,FALSE,FALSE
"NPDC1",FALSE,TRUE,FALSE,FALSE,FALSE
"NPHS2",FALSE,FALSE,FALSE,FALSE,TRUE
"NPM1",FALSE,FALSE,FALSE,FALSE,TRUE
"NPY2R",FALSE,TRUE,FALSE,FALSE,FALSE
"NQO2",FALSE,TRUE,FALSE,FALSE,FALSE
"NR2F1",FALSE,FALSE,TRUE,FALSE,FALSE
"NR2F2-AS1",FALSE,FALSE,TRUE,FALSE,FALSE
"NREP",FALSE,TRUE,FALSE,FALSE,FALSE
"NRN1L",FALSE,FALSE,FALSE,FALSE,TRUE
"NRSN1",FALSE,FALSE,FALSE,FALSE,TRUE
"NRXN2",FALSE,TRUE,FALSE,FALSE,FALSE
"NRXN3",FALSE,TRUE,FALSE,FALSE,FALSE
"NSG1",FALSE,TRUE,FALSE,FALSE,FALSE
"NSG2",FALSE,FALSE,FALSE,FALSE,TRUE
"NTM",FALSE,TRUE,FALSE,FALSE,FALSE
"NTRK1",FALSE,TRUE,FALSE,TRUE,FALSE
"NUCB2",FALSE,TRUE,FALSE,FALSE,FALSE
"NUDT14",FALSE,FALSE,FALSE,FALSE,TRUE
"NUDT16",FALSE,FALSE,FALSE,FALSE,TRUE
"NXPH1",FALSE,TRUE,FALSE,FALSE,FALSE
"OLAH",FALSE,FALSE,FALSE,FALSE,TRUE
"OPTN",FALSE,TRUE,FALSE,FALSE,FALSE
"OSBPL9",FALSE,FALSE,TRUE,FALSE,FALSE
"OSMR-AS1",FALSE,FALSE,TRUE,FALSE,FALSE
"OTULINL",FALSE,FALSE,FALSE,FALSE,TRUE
"OTX1",FALSE,FALSE,FALSE,FALSE,TRUE
"OTX2",FALSE,FALSE,FALSE,TRUE,TRUE
"OTX2OS1",FALSE,FALSE,FALSE,FALSE,TRUE
"P4HB",FALSE,FALSE,FALSE,FALSE,TRUE
"PAFAH1B3",FALSE,TRUE,FALSE,FALSE,TRUE
"PALMD",FALSE,FALSE,FALSE,FALSE,TRUE
"PAMR1",FALSE,FALSE,TRUE,FALSE,FALSE
"PAPLN",FALSE,FALSE,TRUE,FALSE,FALSE
"PAPSS1",FALSE,TRUE,FALSE,FALSE,FALSE
"PARD3B",FALSE,FALSE,TRUE,FALSE,FALSE
"PAXIP1-AS2",FALSE,FALSE,TRUE,FALSE,FALSE
"PBX3",FALSE,TRUE,FALSE,FALSE,TRUE
"PCDH7",FALSE,TRUE,FALSE,FALSE,FALSE
"PCP4L1",TRUE,FALSE,FALSE,FALSE,FALSE
"PCSK1N",FALSE,FALSE,FALSE,FALSE,TRUE
"PDE11A",TRUE,FALSE,FALSE,FALSE,TRUE
"PDE4A",FALSE,TRUE,FALSE,FALSE,FALSE
"PDE4D",FALSE,TRUE,FALSE,FALSE,FALSE
"PDLIM3",FALSE,FALSE,TRUE,FALSE,FALSE
"PDLIM5",FALSE,FALSE,TRUE,FALSE,FALSE
"PEG3",FALSE,FALSE,FALSE,FALSE,TRUE
"PFDN5",FALSE,FALSE,FALSE,FALSE,TRUE
"PGRMC1",FALSE,FALSE,FALSE,TRUE,FALSE
"PIFO",FALSE,FALSE,FALSE,FALSE,TRUE
"PIR",FALSE,FALSE,FALSE,FALSE,TRUE
"PIRT",FALSE,FALSE,FALSE,FALSE,TRUE
"PKIA",FALSE,TRUE,FALSE,FALSE,FALSE
"PKN1",FALSE,TRUE,FALSE,FALSE,FALSE
"PLD3",FALSE,FALSE,FALSE,FALSE,TRUE
"PLD5",FALSE,FALSE,FALSE,FALSE,TRUE
"PLEKHA5",FALSE,TRUE,FALSE,FALSE,FALSE
"PLEKHG1",FALSE,FALSE,TRUE,FALSE,FALSE
"PLSCR4",FALSE,FALSE,TRUE,FALSE,FALSE
"PLXNC1",FALSE,TRUE,FALSE,FALSE,FALSE
"PNMA2",FALSE,TRUE,FALSE,FALSE,FALSE
"PNMAL1",FALSE,FALSE,FALSE,FALSE,TRUE
"PNMAL2",FALSE,FALSE,FALSE,FALSE,TRUE
"PNOC",FALSE,FALSE,FALSE,FALSE,TRUE
"PODXL2",FALSE,TRUE,FALSE,FALSE,FALSE
"POU3F2",FALSE,TRUE,FALSE,FALSE,FALSE
"PPARA",FALSE,FALSE,TRUE,FALSE,FALSE
"PPM1K",FALSE,TRUE,FALSE,FALSE,FALSE
"PPP1R11",FALSE,FALSE,FALSE,FALSE,TRUE
"PPP1R14B",FALSE,TRUE,FALSE,FALSE,FALSE
"PPP1R1A",FALSE,TRUE,FALSE,FALSE,FALSE
"PPP2R5E",FALSE,TRUE,FALSE,FALSE,FALSE
"PPP6R3",FALSE,FALSE,TRUE,FALSE,FALSE
"PRDM12",FALSE,TRUE,FALSE,FALSE,FALSE
"PRDM6",FALSE,FALSE,FALSE,FALSE,TRUE
"PRDX5",FALSE,TRUE,FALSE,FALSE,FALSE
"PRICKLE1",FALSE,TRUE,FALSE,FALSE,FALSE
"PRKACB",FALSE,TRUE,FALSE,FALSE,FALSE
"PRKCB",FALSE,TRUE,FALSE,FALSE,FALSE
"PRKCE",FALSE,FALSE,FALSE,FALSE,TRUE
"PRKCZ",FALSE,TRUE,FALSE,FALSE,FALSE
"PRPH",FALSE,FALSE,FALSE,FALSE,TRUE
"PRRG2",FALSE,FALSE,FALSE,FALSE,TRUE
"PSMC5",FALSE,FALSE,FALSE,FALSE,TRUE
"PTCHD1",FALSE,TRUE,FALSE,FALSE,FALSE
"PTH",FALSE,FALSE,FALSE,TRUE,FALSE
"PTMS",FALSE,TRUE,FALSE,FALSE,FALSE
"PTPN13",FALSE,FALSE,TRUE,FALSE,FALSE
"PTPRN",TRUE,TRUE,FALSE,FALSE,FALSE
"PTPRR",FALSE,FALSE,FALSE,FALSE,TRUE
"PTPRS",FALSE,FALSE,FALSE,TRUE,FALSE
"RAB25",FALSE,FALSE,FALSE,FALSE,TRUE
"RAB27B",FALSE,FALSE,FALSE,FALSE,TRUE
"RAB29",FALSE,FALSE,TRUE,FALSE,FALSE
"RAB31",FALSE,TRUE,FALSE,FALSE,FALSE
"RAB3A",FALSE,TRUE,FALSE,FALSE,FALSE
"RAB3B",FALSE,FALSE,FALSE,FALSE,TRUE
"RAB3C",TRUE,FALSE,FALSE,FALSE,FALSE
"RAC3",FALSE,TRUE,FALSE,FALSE,FALSE
"RALYL",FALSE,TRUE,FALSE,FALSE,FALSE
"RANBP3L",FALSE,FALSE,TRUE,FALSE,FALSE
"RAPGEF2",FALSE,TRUE,FALSE,FALSE,FALSE
"RAPGEF5",FALSE,TRUE,FALSE,FALSE,FALSE
"RASD1",TRUE,TRUE,FALSE,FALSE,FALSE
"RASGRP1",FALSE,FALSE,FALSE,FALSE,TRUE
"RASSF4",FALSE,FALSE,FALSE,FALSE,TRUE
"RBFOX1",FALSE,TRUE,FALSE,FALSE,FALSE
"RCAN3",FALSE,TRUE,FALSE,FALSE,FALSE
"RD3",FALSE,FALSE,FALSE,FALSE,TRUE
"REPS2",FALSE,TRUE,FALSE,FALSE,FALSE
"RESP18",FALSE,FALSE,FALSE,FALSE,TRUE
"RET",FALSE,FALSE,FALSE,FALSE,TRUE
"RGS2",FALSE,TRUE,FALSE,FALSE,FALSE
"RGS7BP",FALSE,TRUE,FALSE,FALSE,FALSE
"RHEB",FALSE,FALSE,FALSE,FALSE,TRUE
"RHOBTB3",FALSE,FALSE,TRUE,FALSE,FALSE
"RIMKLA",FALSE,TRUE,FALSE,FALSE,FALSE
"RIPK4",FALSE,FALSE,FALSE,FALSE,TRUE
"RIPOR2",FALSE,TRUE,FALSE,FALSE,FALSE
"RIT2",FALSE,FALSE,FALSE,FALSE,TRUE
"RNF220",FALSE,FALSE,FALSE,FALSE,TRUE
"ROBO2",FALSE,TRUE,FALSE,FALSE,FALSE
"ROGDI",FALSE,FALSE,FALSE,FALSE,TRUE
"RP1-166D18.1",FALSE,FALSE,TRUE,FALSE,FALSE
"RP11-12G12.8",FALSE,FALSE,TRUE,FALSE,FALSE
"RP11-437L7.2",FALSE,FALSE,TRUE,FALSE,FALSE
"RP11-481J13.1",TRUE,FALSE,FALSE,FALSE,FALSE
"RPL14-PS1",FALSE,FALSE,FALSE,FALSE,TRUE
"RPL29-PS5",FALSE,FALSE,FALSE,FALSE,TRUE
"RPL3-PS1",FALSE,FALSE,FALSE,FALSE,TRUE
"RPL31-PS1",FALSE,FALSE,FALSE,FALSE,TRUE
"RPL31-PS17",FALSE,FALSE,FALSE,FALSE,TRUE
"RPL6",FALSE,FALSE,FALSE,FALSE,TRUE
"RPS14",FALSE,FALSE,FALSE,FALSE,TRUE
"RPS15",FALSE,FALSE,FALSE,FALSE,TRUE
"RPS15A-PS3",FALSE,FALSE,FALSE,FALSE,TRUE
"RPS15A-PS8",FALSE,FALSE,FALSE,FALSE,TRUE
"RPS18-PS6",FALSE,FALSE,FALSE,FALSE,TRUE
"RPS9",FALSE,FALSE,FALSE,FALSE,TRUE
"RPSA-PS10",FALSE,FALSE,FALSE,FALSE,TRUE
"RRAGB",FALSE,TRUE,FALSE,FALSE,FALSE
"RRAGD",FALSE,TRUE,FALSE,FALSE,FALSE
"RSF1",FALSE,TRUE,FALSE,FALSE,FALSE
"RSPH1",FALSE,FALSE,FALSE,FALSE,TRUE
"RTN1",FALSE,FALSE,FALSE,TRUE,FALSE
"RTN4RL1",FALSE,FALSE,FALSE,FALSE,TRUE
"RTRAF-PS",FALSE,FALSE,FALSE,FALSE,TRUE
"RUSC1",FALSE,TRUE,FALSE,FALSE,FALSE
"S100Z",TRUE,FALSE,FALSE,FALSE,FALSE
"S1PR3",FALSE,FALSE,TRUE,FALSE,FALSE
"SAE1",FALSE,FALSE,FALSE,FALSE,TRUE
"SAMD4A",FALSE,FALSE,TRUE,FALSE,FALSE
"SARAF",FALSE,FALSE,FALSE,TRUE,FALSE
"SCAND1",FALSE,FALSE,FALSE,TRUE,FALSE
"SCD5",FALSE,TRUE,FALSE,FALSE,FALSE
"SCG3",FALSE,TRUE,FALSE,FALSE,TRUE
"SCG5",FALSE,FALSE,FALSE,FALSE,TRUE
"SCGN",FALSE,TRUE,FALSE,FALSE,FALSE
"SCN11A",FALSE,FALSE,FALSE,FALSE,TRUE
"SCN9A",FALSE,FALSE,FALSE,FALSE,TRUE
"SCRT2",FALSE,TRUE,FALSE,FALSE,FALSE
"SDCCAG8",FALSE,FALSE,FALSE,FALSE,TRUE
"SEC61B",FALSE,FALSE,FALSE,FALSE,TRUE
"SELENOW",FALSE,TRUE,FALSE,FALSE,FALSE
"SEMA3C",FALSE,TRUE,FALSE,FALSE,TRUE
"SEPT3",FALSE,TRUE,FALSE,FALSE,FALSE
"SERPINI2",FALSE,FALSE,TRUE,FALSE,FALSE
"SEZ6L",FALSE,TRUE,FALSE,FALSE,FALSE
"SFRP1",FALSE,FALSE,FALSE,TRUE,FALSE
"SFXN3",FALSE,TRUE,FALSE,FALSE,FALSE
"SFXN5",FALSE,FALSE,TRUE,FALSE,FALSE
"SH2B2",FALSE,TRUE,FALSE,FALSE,FALSE
"SH3KBP1",FALSE,TRUE,FALSE,FALSE,FALSE
"SHC3",FALSE,TRUE,FALSE,FALSE,FALSE
"SHISA2",FALSE,FALSE,FALSE,TRUE,FALSE
"SHTN1",FALSE,FALSE,FALSE,FALSE,TRUE
"SIX1",FALSE,FALSE,FALSE,FALSE,TRUE
"SIX3",FALSE,TRUE,FALSE,FALSE,FALSE
"SIX6",TRUE,FALSE,FALSE,FALSE,TRUE
"SKOR1",FALSE,FALSE,FALSE,FALSE,TRUE
"SLC10A4",FALSE,TRUE,FALSE,FALSE,FALSE
"SLC12A5",FALSE,TRUE,FALSE,FALSE,FALSE
"SLC12A7",FALSE,FALSE,FALSE,FALSE,TRUE
"SLC15A1",FALSE,FALSE,FALSE,TRUE,FALSE
"SLC17A6",TRUE,FALSE,FALSE,FALSE,FALSE
"SLC17A8",FALSE,FALSE,FALSE,TRUE,FALSE
"SLC18A3",FALSE,FALSE,FALSE,TRUE,FALSE
"SLC22A17",FALSE,FALSE,FALSE,TRUE,FALSE
"SLC32A1",FALSE,TRUE,FALSE,FALSE,FALSE
"SLC35F3",TRUE,FALSE,FALSE,FALSE,FALSE
"SLC35F4",FALSE,TRUE,FALSE,FALSE,FALSE
"SLC48A1",FALSE,TRUE,FALSE,FALSE,FALSE
"SLC5A7",FALSE,FALSE,FALSE,TRUE,FALSE
"SLC8A3",FALSE,TRUE,FALSE,FALSE,FALSE
"SLC9A6",FALSE,TRUE,FALSE,FALSE,FALSE
"SLCO3A1",FALSE,TRUE,FALSE,FALSE,FALSE
"SLCO5A1",FALSE,TRUE,FALSE,FALSE,FALSE
"SLITRK5",FALSE,TRUE,FALSE,FALSE,FALSE
"SLITRK6",FALSE,TRUE,FALSE,FALSE,FALSE
"SMARCA2",FALSE,FALSE,FALSE,FALSE,TRUE
"SMDT1",FALSE,TRUE,FALSE,FALSE,FALSE
"SMIM1",FALSE,FALSE,FALSE,TRUE,FALSE
"SMIM22",FALSE,FALSE,FALSE,FALSE,TRUE
"SMIM32",FALSE,FALSE,FALSE,TRUE,FALSE
"SMIM5",FALSE,FALSE,FALSE,FALSE,TRUE
"SNCA",FALSE,FALSE,FALSE,FALSE,TRUE
"SNHG7OS",FALSE,FALSE,FALSE,FALSE,TRUE
"SNORA31",FALSE,FALSE,FALSE,FALSE,TRUE
"SNRNP25",FALSE,FALSE,FALSE,FALSE,TRUE
"SNTB1",FALSE,FALSE,TRUE,FALSE,FALSE
"SNTG1",FALSE,TRUE,FALSE,FALSE,FALSE
"SOD1",FALSE,FALSE,FALSE,TRUE,FALSE
"SORBS1",FALSE,FALSE,TRUE,FALSE,FALSE
"SOX5",FALSE,FALSE,TRUE,FALSE,FALSE
"SP9",FALSE,TRUE,FALSE,FALSE,FALSE
"SPA17",FALSE,FALSE,FALSE,FALSE,TRUE
"SPATA6",FALSE,FALSE,TRUE,FALSE,FALSE
"SPG21",FALSE,FALSE,FALSE,FALSE,TRUE
"SPINT1",FALSE,FALSE,FALSE,FALSE,TRUE
"SPINT2",FALSE,TRUE,FALSE,FALSE,TRUE
"SPOCK1",FALSE,TRUE,FALSE,FALSE,TRUE
"SPRED3",FALSE,TRUE,FALSE,FALSE,FALSE
"SPX",FALSE,FALSE,TRUE,FALSE,FALSE
"SRP14",FALSE,FALSE,FALSE,FALSE,TRUE
"SRP9",FALSE,FALSE,FALSE,FALSE,TRUE
"ST3GAL5",FALSE,FALSE,FALSE,FALSE,TRUE
"ST8SIA2",FALSE,TRUE,FALSE,FALSE,FALSE
"STMN2",FALSE,FALSE,FALSE,FALSE,TRUE
"STMN3",FALSE,TRUE,FALSE,FALSE,FALSE
"SUGT1",FALSE,FALSE,FALSE,FALSE,TRUE
"SV2A",FALSE,TRUE,FALSE,FALSE,FALSE
"SYBU",FALSE,TRUE,FALSE,FALSE,FALSE
"SYT1",FALSE,TRUE,FALSE,FALSE,FALSE
"SYT13",FALSE,TRUE,FALSE,FALSE,FALSE
"TAC1",FALSE,TRUE,FALSE,FALSE,TRUE
"TBCB",FALSE,TRUE,FALSE,FALSE,FALSE
"TC2N",FALSE,FALSE,FALSE,TRUE,FALSE
"TCEAL9",FALSE,FALSE,FALSE,FALSE,TRUE
"TCF7L2",FALSE,FALSE,TRUE,FALSE,FALSE
"TCTEX1D2",FALSE,TRUE,FALSE,FALSE,FALSE
"TEKT2",FALSE,FALSE,FALSE,FALSE,TRUE
"TENM2",FALSE,TRUE,FALSE,FALSE,FALSE
"TEX22",FALSE,FALSE,TRUE,FALSE,FALSE
"THBS2",FALSE,FALSE,TRUE,FALSE,FALSE
"THY1",FALSE,TRUE,FALSE,FALSE,FALSE
"TIMM8B",FALSE,FALSE,FALSE,FALSE,TRUE
"TIMP2",FALSE,FALSE,FALSE,TRUE,FALSE
"TLE4",FALSE,TRUE,FALSE,FALSE,FALSE
"TMEFF2",FALSE,TRUE,FALSE,FALSE,FALSE
"TMEM130",FALSE,FALSE,FALSE,FALSE,TRUE
"TMEM131L",FALSE,FALSE,FALSE,FALSE,TRUE
"TMEM132A",FALSE,TRUE,FALSE,FALSE,FALSE
"TMEM158",FALSE,FALSE,FALSE,TRUE,TRUE
"TMEM167A",FALSE,TRUE,FALSE,FALSE,FALSE
"TMEM184A",FALSE,FALSE,FALSE,FALSE,TRUE
"TMEM255A",FALSE,FALSE,FALSE,FALSE,TRUE
"TMEM30B",FALSE,FALSE,FALSE,FALSE,TRUE
"TMEM45B",FALSE,FALSE,FALSE,FALSE,TRUE
"TMPRSS6",FALSE,FALSE,FALSE,FALSE,TRUE
"TMSB10",FALSE,TRUE,FALSE,FALSE,TRUE
"TNR",FALSE,TRUE,FALSE,FALSE,FALSE
"TPD52L1",FALSE,TRUE,FALSE,FALSE,FALSE
"TRAPPC1",FALSE,TRUE,FALSE,FALSE,FALSE
"TRAPPC6B",FALSE,FALSE,FALSE,FALSE,TRUE
"TRIM67",FALSE,TRUE,FALSE,FALSE,FALSE
"TRP53I11",FALSE,FALSE,FALSE,FALSE,TRUE
"TRPM3",FALSE,FALSE,FALSE,TRUE,FALSE
"TRPS1",FALSE,FALSE,TRUE,FALSE,FALSE
"TSPAN13",FALSE,TRUE,FALSE,FALSE,TRUE
"TSPAN18",FALSE,FALSE,FALSE,FALSE,TRUE
"TSTD1",FALSE,FALSE,FALSE,FALSE,TRUE
"TTC9B",FALSE,FALSE,FALSE,FALSE,TRUE
"TTLL10",FALSE,FALSE,FALSE,FALSE,TRUE
"TTLL7",FALSE,TRUE,FALSE,FALSE,FALSE
"TUBA1A",FALSE,TRUE,FALSE,FALSE,TRUE
"TUBB2A",FALSE,TRUE,FALSE,FALSE,FALSE
"TUBB2B",FALSE,FALSE,FALSE,TRUE,FALSE
"UACA",FALSE,FALSE,FALSE,FALSE,TRUE
"UBA52",FALSE,FALSE,FALSE,FALSE,TRUE
"UBB",FALSE,FALSE,FALSE,FALSE,TRUE
"UBB-PS",FALSE,FALSE,FALSE,FALSE,TRUE
"UCHL1",FALSE,FALSE,FALSE,FALSE,TRUE
"UNC5D",FALSE,TRUE,FALSE,FALSE,FALSE
"UPK3A",FALSE,FALSE,FALSE,FALSE,TRUE
"UST",FALSE,FALSE,TRUE,FALSE,FALSE
"VAMP2",FALSE,FALSE,FALSE,TRUE,FALSE
"VCAN",FALSE,TRUE,TRUE,FALSE,FALSE
"VGF",FALSE,TRUE,FALSE,FALSE,FALSE
"VPS13D",FALSE,FALSE,TRUE,FALSE,FALSE
"VTI1B",FALSE,FALSE,FALSE,FALSE,TRUE
"VWC2",FALSE,TRUE,FALSE,FALSE,FALSE
"WDR49",FALSE,FALSE,TRUE,FALSE,FALSE
"WDR6",FALSE,FALSE,FALSE,FALSE,TRUE
"WFDC1",FALSE,FALSE,FALSE,FALSE,TRUE
"WIF1",FALSE,FALSE,FALSE,FALSE,TRUE
"WLS",FALSE,FALSE,TRUE,FALSE,FALSE
"WNK2",FALSE,TRUE,FALSE,FALSE,FALSE
"WSB2",FALSE,TRUE,FALSE,FALSE,FALSE
"XPO6",FALSE,FALSE,FALSE,FALSE,TRUE
"YAP1",FALSE,FALSE,TRUE,FALSE,FALSE
"YWHAB",FALSE,TRUE,FALSE,FALSE,FALSE
"YWHAQ",FALSE,TRUE,FALSE,FALSE,FALSE
"ZC3H11C",TRUE,FALSE,FALSE,FALSE,FALSE
"ZFHX3",FALSE,TRUE,FALSE,FALSE,FALSE
"ZFP365",FALSE,FALSE,FALSE,FALSE,TRUE
"ZHX3",FALSE,FALSE,TRUE,FALSE,FALSE
"ZIC1",FALSE,FALSE,TRUE,TRUE,FALSE
"ZIC2",FALSE,FALSE,TRUE,TRUE,FALSE
"ZIC3",FALSE,FALSE,FALSE,TRUE,FALSE
"ZIC4",FALSE,FALSE,FALSE,TRUE,FALSE
"ZIC5",FALSE,FALSE,FALSE,TRUE,FALSE
"ZNF217",FALSE,FALSE,TRUE,FALSE,FALSE
"ZNF428",FALSE,TRUE,FALSE,FALSE,FALSE
