gene	avg_log2FC	p_val_adj	method_support	pct.1	pct.2	specificity	pct1	pct2	spec	coexpr	coexpr_flag	score
GNRH1	9.86216576606217	0	1	1	0.0883534136546185	0.911646586345382	1	0.0883534136546185	0.911646586345382	1	TRUE	6.23195443235382
GRIA2	2.3292994933586	4.87332339281355e-106	1	0.590563165905632	0.143430866322433	0.447132299583199	0.590563165905632	0.143430866322433	0.447132299583199	0.333712547890835	TRUE	0.185136714075258
DLX5	2.39674663655923	2.83397613305264e-79	1	0.386605783866058	0.0654044750430293	0.321201308823029	0.386605783866058	0.0654044750430293	0.321201308823029	0.528923225829666	TRUE	0.175489729840806
RALYL	3.04336720698555	1.08882574656861e-70	1	0.32572298325723	0.0499139414802065	0.275809041777023	0.32572298325723	0.0499139414802065	0.275809041777023	0.440699232211746	TRUE	0.146337224227953
VCAN	1.84269987738991	1.07267551331217e-62	1	0.751902587519026	0.528973034997131	0.222929552521895	0.751902587519026	0.528973034997131	0.222929552521895	0.532809092481683	TRUE	0.131552810102221
SEMA3C	4.66361863736044	2.23385669721083e-60	1	0.202435312024353	0.0120481927710843	0.190387119253269	0.202435312024353	0.0120481927710843	0.190387119253269	0.471043671587087	TRUE	0.130433864585427
MEF2C	3.23523485230125	3.25252314408325e-47	1	0.289193302891933	0.0671256454388985	0.222067657453035	0.289193302891933	0.0671256454388985	0.222067657453035	0.453006389134224	TRUE	0.121315146721849
GAD2	2.22360604763321	1.893735709859e-63	1	0.334855403348554	0.0590935169248422	0.275761886423712	0.334855403348554	0.0590935169248422	0.275761886423712	0.459226933439895	TRUE	0.112946702421754
DLX6-AS1	2.46970836947306	4.27159177489345e-65	1	0.30441400304414	0.044750430292599	0.259663572751541	0.30441400304414	0.044750430292599	0.259663572751541	0.446928964431111	TRUE	0.109610706523815
NEFL	1.10606177045	3.95165237761984e-80	1	0.942161339421613	0.599541021227768	0.342620318193845	0.942161339421613	0.599541021227768	0.342620318193845	0.420564494798427	TRUE	0.10722923365949
ARX	2.38036523401975	2.47536119972555e-41	1	0.312024353120244	0.0889271371199082	0.223097216000335	0.312024353120244	0.0889271371199082	0.223097216000335	0.498987987950747	TRUE	0.102600044064664
GRID2	2.36468795599155	1.43293478222459e-89	1	0.490106544901065	0.1061388410786	0.383967703822465	0.490106544901065	0.1061388410786	0.383967703822465	0.229695683765104	TRUE	0.101202696109673
SCGN	4.3603496842125	1.99684678594068e-54	1	0.208523592085236	0.0189328743545611	0.189590717730675	0.208523592085236	0.0189328743545611	0.189590717730675	0.344523033329945	TRUE	0.0901487506471224
DLX1	1.87537249581832	6.31860333887752e-44	1	0.336377473363775	0.093516924842226	0.242860548521549	0.336377473363775	0.093516924842226	0.242860548521549	0.486301158296418	TRUE	0.089040733923274
DLX6	2.21404772977704	6.36318174092556e-54	1	0.278538812785388	0.0458978772231784	0.23264093556221	0.278538812785388	0.0458978772231784	0.23264093556221	0.456685245964785	TRUE	0.0860514944378104
PRKACB	1.73285059893328	1.20245228467338e-88	1	0.722983257229833	0.321285140562249	0.401698116667584	0.722983257229833	0.321285140562249	0.401698116667584	0.19952435165242	TRUE	0.0818552248290335
EEF1A2	1.62642502610116	1.1019250139027e-60	1	0.569254185692542	0.219162363740677	0.350091821951865	0.569254185692542	0.219162363740677	0.350091821951865	0.251701348008725	TRUE	0.074951466204275
ZFHX3	1.40979296181601	9.30342645267131e-93	1	0.91324200913242	0.667240390131956	0.246001619000464	0.91324200913242	0.667240390131956	0.246001619000464	0.32562189453445	TRUE	0.0748040830377143
NSG1	1.26566099686934	3.44529135031988e-95	1	0.923896499238965	0.493402180149168	0.430494319089797	0.923896499238965	0.493402180149168	0.430494319089797	0.166082380301146	TRUE	0.0602900305633368
DLX2	1.61797232765721	1.5625796983296e-34	1	0.308980213089802	0.0940906483075158	0.214889564782286	0.308980213089802	0.0940906483075158	0.214889564782286	0.449047525348952	TRUE	0.060154693519637
ECEL1	2.2489892639443	2.75337043662683e-33	1	0.277016742770167	0.0831899024670109	0.193826840303157	0.277016742770167	0.0831899024670109	0.193826840303157	0.377916330858152	TRUE	0.0601001323019452
RASD1	2.06998823890992	3.275253639773e-25	1	0.278538812785388	0.102122776821572	0.176416035963816	0.278538812785388	0.102122776821572	0.176416035963816	0.442272110007675	TRUE	0.0590831731506882
LY6H	1.9983652169063	6.70529635050312e-65	1	0.473363774733638	0.135972461273666	0.337391313459972	0.473363774733638	0.135972461273666	0.337391313459972	0.182306303454745	TRUE	0.0586183263924614
FGF3	4.46273628047716	1.11797413930263e-37	1	0.138508371385084	0.00975329890992542	0.128755072475158	0.138508371385084	0.00975329890992542	0.128755072475158	0.353844822176044	TRUE	0.0524495647479082
RBFOX1	3.18054727304887	6.94460549946769e-36	1	0.164383561643836	0.0200803212851406	0.144303240358695	0.164383561643836	0.0200803212851406	0.144303240358695	0.34669322996255	TRUE	0.0447175450733972
SYBU	2.07330144200499	2.06864384863736e-38	1	0.296803652968037	0.080895008605852	0.215908644362185	0.296803652968037	0.080895008605852	0.215908644362185	0.262907188827444	TRUE	0.0444421461995916
LRRN3	1.53417498385705	9.41089283878603e-85	1	0.730593607305936	0.278829604130809	0.451764003175127	0.730593607305936	0.278829604130809	0.451764003175127	0.105382072520691	TRUE	0.0432729647012578
PPP1R1A	1.00943908695514	6.57158584597732e-39	1	0.736681887366819	0.512908777969019	0.2237731093978	0.736681887366819	0.512908777969019	0.2237731093978	0.300511981003997	TRUE	0.0403845513351651
TAC1	2.17311800240045	2.1063869607352e-51	1	0.293759512937595	0.057372346528973	0.236387166408622	0.293759512937595	0.057372346528973	0.236387166408622	0.2067561027412	TRUE	0.0399012932943867
FGF14	2.1022380483897	2.25086113691969e-61	1	0.409436834094368	0.103843947217441	0.305592886876927	0.409436834094368	0.103843947217441	0.305592886876927	0.137560678510551	TRUE	0.0391956940333424
ALCAM	2.23739231033584	3.99182689954573e-27	1	0.267884322678843	0.0895008605851979	0.178383462093645	0.267884322678843	0.0895008605851979	0.178383462093645	0.265026058907921	TRUE	0.0379476090983515
ARG2	1.45359506894007	3.47794133303332e-43	1	0.532724505327245	0.244406196213425	0.28831830911382	0.532724505327245	0.244406196213425	0.28831830911382	0.176295872485363	TRUE	0.0373795962693487
FGF19	2.822653463018	3.23543893267155e-28	1	0.165905631659056	0.0304073436603557	0.135498287998701	0.165905631659056	0.0304073436603557	0.135498287998701	0.342706745647589	TRUE	0.0370058214679083
GNAO1	1.53062779399589	3.53514319737368e-56	1	0.538812785388128	0.195639701663798	0.34317308372433	0.538812785388128	0.195639701663798	0.34317308372433	0.135258936421083	TRUE	0.0361487419777831
SLCO3A1	1.45511055186579	9.15648579701553e-37	1	0.493150684931507	0.23350545037292	0.259645234558587	0.493150684931507	0.23350545037292	0.259645234558587	0.195737188733695	TRUE	0.0359968894275501
AJAP1	3.03718776972676	1.84874845905842e-29	1	0.147640791476408	0.0206540447504303	0.126986746725978	0.147640791476408	0.0206540447504303	0.126986746725978	0.322465078702989	TRUE	0.0331238929634066
RGS2	2.25754380204224	6.87759249709107e-32	1	0.249619482496195	0.0682730923694779	0.181346390126717	0.249619482496195	0.0682730923694779	0.181346390126717	0.233558125320009	TRUE	0.033113476711798
MAPT	1.49191214579974	5.41436311755574e-113	1	0.876712328767123	0.388984509466437	0.487727819300686	0.876712328767123	0.388984509466437	0.487727819300686	0.0693013811438635	TRUE	0.0327277904201514
RIPOR2	2.07543762932348	1.16248849335794e-51	1	0.365296803652968	0.093516924842226	0.271779878810742	0.365296803652968	0.093516924842226	0.271779878810742	0.134268828237891	TRUE	0.031728576152422
FEZ1	1.02595418417297	2.28843027907894e-71	1	0.908675799086758	0.673551348250143	0.235124450836615	0.908675799086758	0.673551348250143	0.235124450836615	0.195298144180164	TRUE	0.0311281864754701
RAPGEF2	1.70296614607264	3.75767249255372e-31	1	0.401826484018265	0.183017785427424	0.218808698590841	0.401826484018265	0.183017785427424	0.218808698590841	0.187927078208791	TRUE	0.0307683848418635
MIR7-3HG	1.66157265563834	8.51509298434252e-47	1	0.407914764079148	0.126219162363741	0.281695601715407	0.407914764079148	0.126219162363741	0.281695601715407	0.145342232474909	TRUE	0.0301162852928998
RAB3A	1.48363357240563	2.80466504036423e-70	1	0.662100456621005	0.259896729776248	0.402203726844757	0.662100456621005	0.259896729776248	0.402203726844757	0.0857320288768239	TRUE	0.0288538154028387
NRXN3	1.86248284065857	1.48206076194531e-43	1	0.365296803652968	0.110728628800918	0.25456817485205	0.365296803652968	0.110728628800918	0.25456817485205	0.142577097552508	TRUE	0.0283200852089547
ISL1	1.55834450810248	6.15445507669463e-09	1	0.252663622526636	0.139414802065404	0.113248820461232	0.252663622526636	0.139414802065404	0.113248820461232	0.439564553830752	TRUE	0.0270281702812566
HCRT	1.7592002725745	2.24410700003901e-21	1	0.293759512937595	0.118187033849684	0.175572479087911	0.293759512937595	0.118187033849684	0.175572479087911	0.229800514165415	TRUE	0.0266651574189056
OPTN	1.27821521664667	3.21344873179025e-56	1	0.698630136986301	0.335628227194492	0.363001909791809	0.698630136986301	0.335628227194492	0.363001909791809	0.0961453829449897	TRUE	0.0258458277629599
SLC32A1	2.33680544104449	2.62552305153526e-26	1	0.164383561643836	0.0309810671256454	0.13340249451819	0.164383561643836	0.0309810671256454	0.13340249451819	0.293288874097586	TRUE	0.0256942974929173
SIX3	0.8826160006501	3.93776899138298e-12	1	0.692541856925419	0.590361445783133	0.102180411142286	0.692541856925419	0.590361445783133	0.102180411142286	0.492429321593458	TRUE	0.0256172096047401
DNER	0.934970150862473	2.68027117091451e-38	1	0.730593607305936	0.470453241537579	0.260140365768357	0.730593607305936	0.470453241537579	0.260140365768357	0.168370043192467	TRUE	0.0242623973484189
NTRK1	2.37496368468697	6.34065530329822e-22	1	0.156773211567732	0.0349971313826736	0.121776080185059	0.156773211567732	0.0349971313826736	0.121776080185059	0.304438403832977	TRUE	0.0241646099108438
NXPH1	3.64778065459244	1.13162801954037e-24	1	0.105022831050228	0.00975329890992542	0.0952695321403029	0.105022831050228	0.00975329890992542	0.0952695321403029	0.306686135525489	TRUE	0.0239411061919829
UNC5D	2.32603818903223	6.52349923530181e-17	1	0.159817351598174	0.0458978772231784	0.113919474374995	0.159817351598174	0.0458978772231784	0.113919474374995	0.315419610834952	TRUE	0.0231601266806068
CXXC4	0.977090964761922	5.5200198424387e-30	1	0.65144596651446	0.401032702237522	0.250413264276938	0.65144596651446	0.401032702237522	0.250413264276938	0.163510157695177	TRUE	0.0223821460358329
AKR1C1	1.49451259926862	4.42692107203719e-44	1	0.45662100456621	0.165806081468732	0.290814923097478	0.45662100456621	0.165806081468732	0.290814923097478	0.109237880524345	TRUE	0.0222378572438846
LBH	0.999673510408964	8.02325864195232e-45	1	0.806697108066971	0.573149741824441	0.23354736624253	0.806697108066971	0.573149741824441	0.23354736624253	0.148864131085865	TRUE	0.021637343321672
PRKCB	2.35507397843328	1.16389748198554e-31	1	0.200913242009132	0.0407343660355709	0.160178875973562	0.200913242009132	0.0407343660355709	0.160178875973562	0.18218570618955	TRUE	0.0213527511092241
SP9	2.96559515264207	1.15428049041165e-23	1	0.117199391171994	0.014916810097533	0.102282581074461	0.117199391171994	0.014916810097533	0.102282581074461	0.293111104422261	TRUE	0.0210976436533381
VWC2	3.49142196067543	2.23560180243387e-23	1	0.10958904109589	0.0126219162363741	0.0969671248595163	0.10958904109589	0.0126219162363741	0.0969671248595163	0.260785493177984	TRUE	0.0202590609702613
MEST	0.795598062581026	6.30517790448346e-26	1	0.887366818873668	0.777395295467585	0.109971523406084	0.887366818873668	0.777395295467585	0.109971523406084	0.342093834818545	TRUE	0.0195432262221702
DSEL	1.91914688303136	2.4602788486774e-26	1	0.331811263318113	0.137693631669535	0.194117631648577	0.331811263318113	0.137693631669535	0.194117631648577	0.130129658033091	TRUE	0.0193562182615885
SCG3	0.833749118240642	1.25010651224248e-57	1	0.937595129375951	0.70166379804934	0.235931331326611	0.937595129375951	0.70166379804934	0.235931331326611	0.134499055223987	TRUE	0.0177571544446616
VGF	1.40424434698018	9.12235617612351e-18	1	0.312024353120244	0.144004589787722	0.168019763332521	0.312024353120244	0.144004589787722	0.168019763332521	0.1896500990688	TRUE	0.017325103332482
APC	1.0944530052619	1.64140642896588e-48	1	0.765601217656012	0.519219736087206	0.246381481568806	0.765601217656012	0.519219736087206	0.246381481568806	0.102836099161752	TRUE	0.01681812374934
CELF5	1.04440825601235	3.20651162382277e-57	1	0.820395738203957	0.514629948364888	0.305765789839069	0.820395738203957	0.514629948364888	0.305765789839069	0.0824327134894383	TRUE	0.016527072967409
HES4	0.929536891869667	8.26625194538447e-17	1	0.515981735159817	0.332759609868044	0.183222125291774	0.515981735159817	0.332759609868044	0.183222125291774	0.193886314346751	TRUE	0.016441230869847
CDK5R1	1.2253526642962	6.64504559374149e-44	1	0.595129375951294	0.292598967297762	0.302530408653531	0.595129375951294	0.292598967297762	0.302530408653531	0.0828822026930467	TRUE	0.0164294328933308
SYT1	1.08348732617795	9.35095399943521e-79	1	0.963470319634703	0.838783706253586	0.124686613381117	0.963470319634703	0.838783706253586	0.124686613381117	0.174529431126381	TRUE	0.0160419430130793
CDKN2D	0.960882263824078	8.21618661200883e-38	1	0.757990867579909	0.513482501434309	0.2445083661456	0.757990867579909	0.513482501434309	0.2445083661456	0.111733578033958	TRUE	0.0158418192848198
SEPT3	1.08844133340988	3.14177939326962e-34	1	0.631659056316591	0.392426850258176	0.239232206058415	0.631659056316591	0.392426850258176	0.239232206058415	0.106905864426733	TRUE	0.0153353264319823
C11orf96	1.5581039474719	5.10264339092052e-10	1	0.161339421613394	0.0631095811818703	0.0982298404315239	0.161339421613394	0.0631095811818703	0.0982298404315239	0.3482422542591	TRUE	0.0148394238931184
ETFB	0.848925788810423	1.41663826878338e-24	1	0.700152207001522	0.542742398164085	0.157409808837437	0.700152207001522	0.542742398164085	0.157409808837437	0.19097779561461	TRUE	0.0148015121704599
AC007938.3	1.97415181172775	2.37393803192751e-26	1	0.240487062404871	0.0717154331612163	0.168771629243654	0.240487062404871	0.0717154331612163	0.168771629243654	0.130395694405691	TRUE	0.0147677577928937
ACOT7	0.943005002341082	7.52591477702835e-17	1	0.520547945205479	0.349971313826736	0.170576631378744	0.520547945205479	0.349971313826736	0.170576631378744	0.181635885673688	TRUE	0.0146113725854702
NOS1AP	1.15804771570826	3.0129083660856e-11	1	0.360730593607306	0.226047045324154	0.134683548283152	0.360730593607306	0.226047045324154	0.134683548283152	0.21925022027995	TRUE	0.0142363281950348
PPM1K	1.41063660491636	2.15903267448116e-34	1	0.484018264840183	0.232358003442341	0.251660261397842	0.484018264840183	0.232358003442341	0.251660261397842	0.0827184742397709	TRUE	0.014160827877774
ATP6V0E2	1.12406269928789	2.13532692084872e-56	1	0.797564687975647	0.503729202524383	0.293835485451264	0.797564687975647	0.503729202524383	0.293835485451264	0.0690163373728374	TRUE	0.0141109127659749
IGLON5	1.35553956980561	1.52754979618469e-16	1	0.308980213089802	0.146873207114171	0.162107005975631	0.308980213089802	0.146873207114171	0.162107005975631	0.1652790300804	TRUE	0.0139933770130483
DNM3	1.67140505626725	1.82843202833199e-34	1	0.350076103500761	0.121055651176133	0.229020452324628	0.350076103500761	0.121055651176133	0.229020452324628	0.0860478841873743	TRUE	0.0135083675858786
GABRB2	4.84321514492713	1.51660974971739e-17	1	0.0700152207001522	0.00458978772231784	0.0654254329778344	0.0700152207001522	0.00458978772231784	0.0654254329778344	0.229207744422447	TRUE	0.0133208318623115
KHDRBS3	1.18847300822087	2.78872087872873e-54	1	0.773211567732116	0.492828456683878	0.280383111048237	0.773211567732116	0.492828456683878	0.280383111048237	0.0650635338336576	TRUE	0.0132145826967499
BCL11A	0.974159475933244	2.02377608395797e-13	1	0.447488584474886	0.279977051061388	0.167511533413497	0.447488584474886	0.279977051061388	0.167511533413497	0.171394787375879	TRUE	0.0129684724773482
SPOCK1	1.61220987965877	3.07111595468044e-07	1	0.170471841704718	0.0797475616752725	0.0907242800294459	0.170471841704718	0.0797475616752725	0.0907242800294459	0.302181547122598	TRUE	0.0126492517628393
SLC35F4	4.03819228201871	3.5904521953082e-19	1	0.0745814307458143	0.00458978772231784	0.0699916430234965	0.0745814307458143	0.00458978772231784	0.0699916430234965	0.236265397386861	TRUE	0.0126407871974237
SLITRK6	2.99312135865158	6.09527111574576e-20	1	0.091324200913242	0.00917957544463568	0.0821446254686063	0.091324200913242	0.00917957544463568	0.0821446254686063	0.243221162610424	TRUE	0.0125263124814768
DPF1	1.62322055513862	1.40987821769784e-38	1	0.407914764079148	0.152610441767068	0.255304322312079	0.407914764079148	0.152610441767068	0.255304322312079	0.0665899781761937	TRUE	0.0122167235646444
NUCB2	0.805105632357193	2.82974113952079e-23	1	0.698630136986301	0.53184165232358	0.166788484662721	0.698630136986301	0.53184165232358	0.166788484662721	0.150270324917022	TRUE	0.0116907203587258
LINC01201	2.26262377200209	8.0357179547037e-23	1	0.138508371385084	0.0240963855421687	0.114411985842915	0.138508371385084	0.0240963855421687	0.114411985842915	0.175017951924244	TRUE	0.0116877237790664
NCOA7	1.15608111549526	9.32633438387747e-17	1	0.32572298325723	0.155479059093517	0.170243924163713	0.32572298325723	0.155479059093517	0.170243924163713	0.148018411327226	TRUE	0.0115245859173239
TLE4	0.8585180684016	2.9467959203769e-31	1	0.920852359208524	0.865748709122203	0.0551036500863205	0.920852359208524	0.865748709122203	0.0551036500863205	0.36225952368446	TRUE	0.0113990873795055
AKR1C2	1.91538081059047	9.62685851378409e-24	1	0.171993911719939	0.0378657487091222	0.134128163010817	0.171993911719939	0.0378657487091222	0.134128163010817	0.152418921487156	TRUE	0.0112563085967507
RAPGEF5	1.38769268699527	1.17336097085127e-20	1	0.295281582952816	0.119908204245554	0.175373378707262	0.295281582952816	0.119908204245554	0.175373378707262	0.121837290277884	TRUE	0.0111681397930483
EFNB2	1.04539934097312	2.44103177077997e-05	1	0.331811263318113	0.227194492254733	0.104616771063379	0.331811263318113	0.227194492254733	0.104616771063379	0.247273524756965	TRUE	0.0107977228543294
NTM	1.1243908361127	6.34725506245108e-16	1	0.404870624048706	0.23350545037292	0.171365173675786	0.404870624048706	0.23350545037292	0.171365173675786	0.126250644118003	TRUE	0.0107289460127299
HIP1R	1.30396534382939	7.08691628590873e-27	1	0.397260273972603	0.17039586919105	0.226864404781553	0.397260273972603	0.17039586919105	0.226864404781553	0.0795018284196777	TRUE	0.0102747805738919
DUSP4	0.965410044912416	5.80247154564259e-14	1	0.455098934550989	0.290304073436604	0.164794861114386	0.455098934550989	0.290304073436604	0.164794861114386	0.136269857936723	TRUE	0.0101375649941476
WSB2	0.874237628276148	2.72787591842346e-26	1	0.665144596651446	0.462421113023523	0.202723483627923	0.665144596651446	0.462421113023523	0.202723483627923	0.0987747921292155	TRUE	0.00989607948433864
SV2A	1.10579026736974	1.25845151210988e-42	1	0.65296803652968	0.345381526104418	0.307586510425263	0.65296803652968	0.345381526104418	0.307586510425263	0.0516704877516418	TRUE	0.00984360168014274
TUBB2A	0.95255035336262	6.25355635592021e-77	1	0.989345509893455	0.783706253585772	0.205639256307683	0.989345509893455	0.783706253585772	0.205639256307683	0.0706409207424352	TRUE	0.00954003071341122
MEIS2	1.40082615596046	4.6313539741982e-23	1	0.622526636225266	0.46873207114171	0.153794565083557	0.622526636225266	0.46873207114171	0.153794565083557	0.0805371933671348	TRUE	0.00948912465035486
NPDC1	0.715003440333363	2.15647045363978e-22	1	0.721461187214612	0.554790590935169	0.166670596279443	0.721461187214612	0.554790590935169	0.166670596279443	0.133243620672468	TRUE	0.00934857664817961
KIF26B	2.21693539895169	8.52676184188359e-14	1	0.12937595129376	0.0349971313826736	0.094378819911086	0.12937595129376	0.0349971313826736	0.094378819911086	0.175589755311656	TRUE	0.00915965241292509
CTNNA2	1.25005611079832	7.13107262110674e-29	1	0.474885844748858	0.232931726907631	0.241954117841228	0.474885844748858	0.232931726907631	0.241954117841228	0.0610682498733589	TRUE	0.00882263012463076
PCDH7	1.45198468999293	1.4792635167715e-38	1	0.421613394216134	0.163511187607573	0.258102206608561	0.421613394216134	0.163511187607573	0.258102206608561	0.051276201330725	TRUE	0.00864872841012612
NMNAT2	1.19761084386217	2.21200823303132e-31	1	0.4779299847793	0.227194492254733	0.250735492524567	0.4779299847793	0.227194492254733	0.250735492524567	0.0595336101209928	TRUE	0.00856645924915698
NRXN2	1.47750100163693	5.75851758663122e-28	1	0.371385083713851	0.153184165232358	0.218200918481493	0.371385083713851	0.153184165232358	0.218200918481493	0.0624295877824015	TRUE	0.00850183192604728
SPINT2	1.10220070770464	1.41271483077297e-07	1	0.266362252663623	0.152610441767068	0.113751810896554	0.266362252663623	0.152610441767068	0.113751810896554	0.18784864336085	TRUE	0.0084253677947284
AES	0.573650361831657	5.3618409594755e-13	1	0.729071537290715	0.632816982214573	0.0962545550761428	0.729071537290715	0.632816982214573	0.0962545550761428	0.25243423846282	TRUE	0.00824949483617613
KLF7	0.991345347619842	2.8575677337059e-10	1	0.418569254185693	0.283419391853127	0.135149862332566	0.418569254185693	0.283419391853127	0.135149862332566	0.133160220058931	TRUE	0.0080006303956774
KIFAP3	0.814923252207454	3.8683241660566e-50	1	0.894977168949772	0.697074010327022	0.197903158622749	0.894977168949772	0.697074010327022	0.197903158622749	0.0754696631461823	TRUE	0.00798129358695429
GPR85	2.08611498788903	3.0548989169698e-19	1	0.158295281582953	0.0395869191049914	0.118708362477961	0.158295281582953	0.0395869191049914	0.118708362477961	0.115712488499575	TRUE	0.00790240415127487
FAT3	1.1064884645728	7.90899823680147e-09	1	0.299847792998478	0.172117039586919	0.127730753411559	0.299847792998478	0.172117039586919	0.127730753411559	0.145244653145172	TRUE	0.00779145214579654
FOXG1	0.473668279951675	0.0003041033148568	1	0.665144596651446	0.583476764199656	0.0816678324517902	0.665144596651446	0.583476764199656	0.0816678324517902	0.352991558104038	TRUE	0.0077192151453266
PNMA2	0.95766820047147	1.71127313158095e-17	1	0.519025875190259	0.338496844520941	0.180529030669318	0.519025875190259	0.338496844520941	0.180529030669318	0.0845932003687402	TRUE	0.00730327305839659
IRS1	1.97466470477452	8.37678360841778e-07	1	0.121765601217656	0.0470453241537579	0.0747202770638981	0.121765601217656	0.0470453241537579	0.0747202770638981	0.202148357190677	TRUE	0.00721422732802585
LHFPL6	0.985320502704369	0.0190137059137756	1	0.269406392694064	0.19162363740677	0.077782755287294	0.269406392694064	0.19162363740677	0.077782755287294	0.251912182944234	TRUE	0.00694607428430941
FUT8	0.893638150722157	0.0155700960025472	1	0.287671232876712	0.208261617900172	0.0794096149765402	0.287671232876712	0.208261617900172	0.0794096149765402	0.261747204940835	TRUE	0.00690542674698991
NDRG4	0.919798658096598	2.27214755259338e-25	1	0.531202435312024	0.278255880665519	0.252946554646505	0.531202435312024	0.278255880665519	0.252946554646505	0.0580750235631424	TRUE	0.00682600220734826
SLC12A5	0.913389000926379	3.59824198242685e-09	1	0.406392694063927	0.27653471026965	0.129857983794277	0.406392694063927	0.27653471026965	0.129857983794277	0.127716976169687	TRUE	0.00669378051045394
CAMK1D	1.25483378784834	1.64960807379789e-19	1	0.34855403348554	0.165806081468732	0.182747952016808	0.34855403348554	0.165806081468732	0.182747952016808	0.0701128989368494	TRUE	0.00657956473653574
PKIA	0.790170896343041	1.81238434891426e-55	1	0.929984779299848	0.815834767641997	0.114150011657851	0.929984779299848	0.815834767641997	0.114150011657851	0.103914144399721	TRUE	0.00626520141475483
ATAT1	0.662412502344532	6.57212297264235e-11	1	0.578386605783866	0.454962707974756	0.12342389780911	0.578386605783866	0.454962707974756	0.12342389780911	0.14305004692891	TRUE	0.00616524525336163
TMEM132A	0.722862312366799	6.61508747611154e-22	1	0.757990867579909	0.606999426276535	0.150991441303374	0.757990867579909	0.606999426276535	0.150991441303374	0.0926189475124018	TRUE	0.00610049678486072
PKN1	0.881270091094496	2.67503787739042e-12	1	0.503805175038052	0.36201950659782	0.141785668440232	0.503805175038052	0.36201950659782	0.141785668440232	0.0965630661652264	TRUE	0.00593620905027381
CNTN1	1.59885761025013	1.60010980514627e-12	1	0.15220700152207	0.0493402180149168	0.102866783507153	0.15220700152207	0.0493402180149168	0.102866783507153	0.133089242263794	TRUE	0.00591930444503101
CHGA	1.02849548715885	1.26727279184242e-17	1	0.353120243531202	0.165806081468732	0.18731416206247	0.353120243531202	0.165806081468732	0.18731416206247	0.0738563337650752	TRUE	0.00586067337942169
RUSC1	0.993134351689686	8.82681219154737e-10	1	0.366818873668189	0.230063109581182	0.136755764087007	0.366818873668189	0.230063109581182	0.136755764087007	0.101956905094457	TRUE	0.00581328461030321
CORO1A	1.2826981022049	7.76130944993738e-14	1	0.251141552511416	0.110728628800918	0.140412923710498	0.251141552511416	0.110728628800918	0.140412923710498	0.0924911188363614	TRUE	0.00578650477695291
PODXL2	0.722365528994934	8.41014092002855e-26	1	0.764079147640791	0.629374641422834	0.134704506217957	0.764079147640791	0.629374641422834	0.134704506217957	0.0965806966109473	TRUE	0.00569408709964742
SLC10A4	2.03377768326283	3.30988915240208e-08	1	0.0989345509893455	0.0292598967297762	0.0696746542595693	0.0989345509893455	0.0292598967297762	0.0696746542595693	0.184065694703135	TRUE	0.00568657286939668
CAPN1	1.181684618325	5.52716179632786e-14	1	0.301369863013699	0.150315547905909	0.151054315107789	0.301369863013699	0.150315547905909	0.151054315107789	0.0815223562194314	TRUE	0.00553715669169303
PBX3	0.546010505917206	1.33149623105537e-13	1	0.671232876712329	0.522088353413655	0.149144523298674	0.671232876712329	0.522088353413655	0.149144523298674	0.118640069376929	TRUE	0.0054865807131454
GNAL	1.44382972474412	4.48896062027117e-09	1	0.159817351598174	0.0642570281124498	0.0955603234857237	0.159817351598174	0.0642570281124498	0.0955603234857237	0.139454279127909	TRUE	0.00533166508245809
THY1	1.65415024190035	1.45494392195836e-14	1	0.176560121765601	0.0590935169248422	0.117466604840759	0.176560121765601	0.0590935169248422	0.117466604840759	0.0917301788454727	TRUE	0.00519126716765325
NQO2	1.15444106121167	1.41620118917555e-10	1	0.30441400304414	0.16982214572576	0.13459185731838	0.30441400304414	0.16982214572576	0.13459185731838	0.084593466160548	TRUE	0.00502672522350755
TMEFF2	1.27241412441772	7.05127310588836e-06	1	0.17503805175038	0.0854847963281698	0.0895532554222107	0.17503805175038	0.0854847963281698	0.0895532554222107	0.151657060209738	TRUE	0.00501145908279826
CDH6	1.48916608510161	0.0169326057368309	1	0.111111111111111	0.0539300057372347	0.0571811053738765	0.111111111111111	0.0539300057372347	0.0571811053738765	0.252239632467096	TRUE	0.00496264506071807
RAB31	0.858291208478311	0.0141082721256312	1	0.226788432267884	0.144004589787722	0.082783842480162	0.226788432267884	0.144004589787722	0.082783842480162	0.210859324985818	TRUE	0.00494548588967789
PTPRN	1.00926800655105	2.9962414354659e-09	1	0.220700152207002	0.102122776821572	0.11857737538543	0.220700152207002	0.102122776821572	0.11857737538543	0.121526358017691	TRUE	0.00473593354932821
FHL1	0.806350108383765	1.36431266307546e-15	1	0.526636225266362	0.356855995410212	0.16978022985615	0.526636225266362	0.356855995410212	0.16978022985615	0.0673580634509744	TRUE	0.00463853869871348
RCAN3	1.62938108546292	1.7520901960163e-20	1	0.213089802130898	0.0665519219736087	0.146537880157289	0.213089802130898	0.0665519219736087	0.146537880157289	0.0600831805487095	TRUE	0.00459020713414074
PRDM12	3.54217395581874	2.86240729584845e-07	1	0.0471841704718417	0.00631095811818703	0.0408732123536547	0.0471841704718417	0.00631095811818703	0.0408732123536547	0.209626210829492	TRUE	0.00456959661974321
AP1S1	0.664735613871124	4.63887079625059e-17	1	0.721461187214612	0.603557085484796	0.117904101729815	0.721461187214612	0.603557085484796	0.117904101729815	0.0975583278924726	TRUE	0.00450167519161595
PAFAH1B3	0.72424945746242	7.32139244233485e-73	1	0.980213089802131	0.939759036144578	0.0404540536575525	0.980213089802131	0.939759036144578	0.0404540536575525	0.221856581416673	TRUE	0.00446075377132499
SLCO5A1	1.48140989459205	4.16715825610396e-20	1	0.252663622526636	0.0912220309810671	0.161441591545569	0.252663622526636	0.0912220309810671	0.161441591545569	0.0527084648074277	TRUE	0.00439205589790193
TENM2	1.48566021885421	4.10424432273556e-09	1	0.214611872146119	0.103270223752151	0.111341648393967	0.214611872146119	0.103270223752151	0.111341648393967	0.0824979547864444	TRUE	0.0043820028515559
MEAF6	0.646227066264292	1.38382037415509e-46	1	0.945205479452055	0.843947217441193	0.101258262010861	0.945205479452055	0.843947217441193	0.101258262010861	0.0990036992702948	TRUE	0.00436571731679146
GPR153	0.632130795161564	7.45047944280015e-08	1	0.308980213089802	0.17039586919105	0.138584343898752	0.308980213089802	0.17039586919105	0.138584343898752	0.127321031401952	TRUE	0.00429746216196307
ADGRL1	1.00417271113784	2.16160855698671e-13	1	0.322678843226788	0.163511187607573	0.159167655619215	0.322678843226788	0.163511187607573	0.159167655619215	0.0679798945309809	TRUE	0.00427813443712392
DACT1	1.76162718695828	3.71446144594021e-15	1	0.144596651445967	0.0395869191049914	0.105009732340975	0.144596651445967	0.0395869191049914	0.105009732340975	0.0860808759744758	TRUE	0.00419715310970581
MARCH1	1.53699381954893	4.41180501871507e-17	1	0.255707762557078	0.1061388410786	0.149568921478478	0.255707762557078	0.1061388410786	0.149568921478478	0.0520161579462153	TRUE	0.00419130409016103
WNK2	1.11983447284538	1.25346847933294e-05	1	0.211567732115677	0.113597246127367	0.0979704859883107	0.211567732115677	0.113597246127367	0.0979704859883107	0.119155735939395	TRUE	0.00416787057891485
TTLL7	0.697741775818979	1.80050795808834e-10	1	0.558599695585997	0.440619621342513	0.117980074243484	0.558599695585997	0.440619621342513	0.117980074243484	0.0969679749376198	TRUE	0.00413530480194179
FNDC4	1.01005368263671	0.000561759086581445	1	0.211567732115677	0.123924268502582	0.0876434636130956	0.211567732115677	0.123924268502582	0.0876434636130956	0.146246461584264	TRUE	0.00412761832845099
NME3	0.814610219797744	9.16411166462482e-11	1	0.388127853881279	0.231210556511761	0.156917297369517	0.388127853881279	0.231210556511761	0.156917297369517	0.0726600062088471	TRUE	0.00401078120342729
IQSEC3	1.9043575815388	8.63090190285663e-16	1	0.150684931506849	0.0418818129661503	0.108803118540699	0.150684931506849	0.0418818129661503	0.108803118540699	0.0717986217214865	TRUE	0.00400282241995504
C2orf80	2.18058238366568	6.38239778093292e-18	1	0.112633181126332	0.0195065978198508	0.093126583306481	0.112633181126332	0.0195065978198508	0.093126583306481	0.0840622678754222	TRUE	0.0039710550471921
PTCHD1	1.45031402094747	0.022449669924186	1	0.123287671232877	0.0642570281124498	0.0590306431204269	0.123287671232877	0.0642570281124498	0.0590306431204269	0.190578016462447	TRUE	0.00397097953154455
SCRT2	0.957080349682299	1.40515983988437e-07	1	0.15220700152207	0.0608146873207114	0.0913923142013586	0.15220700152207	0.0608146873207114	0.0913923142013586	0.167166359470014	TRUE	0.00395411899597921
SCD5	0.987111043479711	7.88949376878655e-15	1	0.395738203957382	0.232358003442341	0.163380200515041	0.395738203957382	0.232358003442341	0.163380200515041	0.0556666418972347	TRUE	0.00391462268826908
CRMP1	0.699556142069194	7.78918218940702e-57	1	0.95738203957382	0.901319563970166	0.0560624756036541	0.95738203957382	0.901319563970166	0.0560624756036541	0.145149008258261	TRUE	0.00386079744575638
MAP1LC3A	0.642820645757722	0.00250162393298768	1	0.470319634703196	0.388410786001147	0.0819088487020489	0.470319634703196	0.388410786001147	0.0819088487020489	0.153852612831857	TRUE	0.00385076956321935
SLITRK5	1.53000534104482	6.66042581749332e-08	1	0.147640791476408	0.059667240390132	0.0879735510862759	0.147640791476408	0.059667240390132	0.0879735510862759	0.106865259119962	TRUE	0.0038309832770884
ROBO2	1.29180599065837	1.04248389879406e-10	1	0.210045662100457	0.0912220309810671	0.118823631119389	0.210045662100457	0.0912220309810671	0.118823631119389	0.0777619374801345	TRUE	0.00379183565723955
POU3F2	0.36590309028001	0.041499784491726	1	0.474885844748858	0.371772805507745	0.103113039241113	0.474885844748858	0.371772805507745	0.103113039241113	0.207958949624231	TRUE	0.00374780817059474
PDE4D	1.73206027343989	3.21422461210008e-14	1	0.150684931506849	0.044750430292599	0.10593450121425	0.150684931506849	0.044750430292599	0.10593450121425	0.0756773472724417	TRUE	0.00373617061812888
REPS2	2.15221727017594	5.3589917497441e-07	1	0.0791476407914764	0.02122776821572	0.0579198725757564	0.0791476407914764	0.02122776821572	0.0579198725757564	0.151816159636619	TRUE	0.00369042309178992
CLTB	0.657075799175955	6.84537430149919e-23	1	0.774733637747336	0.644291451520367	0.130442186226969	0.774733637747336	0.644291451520367	0.130442186226969	0.0693919082329026	TRUE	0.00362864129677535
TPD52L1	3.55530006628692	3.24943479519917e-06	1	0.0426179604261796	0.0057372346528973	0.0368807257732823	0.0426179604261796	0.0057372346528973	0.0368807257732823	0.190946000911905	TRUE	0.00358268049174071
NANOS1	1.14691791223907	5.10271665937069e-08	1	0.193302891933029	0.0900745840504877	0.103228307882541	0.193302891933029	0.0900745840504877	0.103228307882541	0.0984910796901638	TRUE	0.00355363385768692
MGAT5	0.960700557052623	6.59661097573049e-05	1	0.213089802130898	0.118760757314974	0.0943290448159238	0.213089802130898	0.118760757314974	0.0943290448159238	0.12246849081694	TRUE	0.00355111420382685
DOCK5	1.8699064872945	3.13827848190682e-05	1	0.0882800608828006	0.0304073436603557	0.0578727172224449	0.0882800608828006	0.0304073436603557	0.0578727172224449	0.156911971156518	TRUE	0.00349708842075509
TSPAN13	0.518296524998729	1.32150049248739e-13	1	0.779299847792998	0.676419965576592	0.102879882216406	0.779299847792998	0.676419965576592	0.102879882216406	0.106008516203292	TRUE	0.00345881447592812
SH3KBP1	1.20121054213432	0.0110301170191142	1	0.106544901065449	0.0493402180149168	0.0572046830505322	0.106544901065449	0.0493402180149168	0.0572046830505322	0.220513134253559	TRUE	0.00342828546262138
BACH2	0.958965888442903	8.92885690733881e-05	1	0.237442922374429	0.139988525530694	0.097454396843735	0.237442922374429	0.139988525530694	0.097454396843735	0.107670091894097	TRUE	0.00339863680451798
INAFM1	1.10079892491662	0.00213351275052272	1	0.19634703196347	0.116465863453815	0.079881168509655	0.19634703196347	0.116465863453815	0.079881168509655	0.124083090075214	TRUE	0.0033512176725616
HS3ST4	3.91282359601698	1.8591405860177e-07	1	0.0395738203957382	0.00344234079173838	0.0361314796039998	0.0395738203957382	0.00344234079173838	0.0361314796039998	0.16754453524122	TRUE	0.00326614704144075
ST8SIA2	0.6967671881622	8.17882021625605e-05	1	0.417047184170472	0.316695352839931	0.100351831330541	0.417047184170472	0.316695352839931	0.100351831330541	0.10315929702864	TRUE	0.00322878721545501
PAPSS1	0.580782340384563	1.17234374498314e-13	1	0.683409436834094	0.549053356282272	0.134356080551822	0.683409436834094	0.549053356282272	0.134356080551822	0.0714073915281127	TRUE	0.00319285976521228
CRIP2	0.604121479020325	2.5802779499175e-10	1	0.657534246575342	0.540447504302926	0.117086742272416	0.657534246575342	0.540447504302926	0.117086742272416	0.0798502810384894	TRUE	0.00317462987116083
ALDH2	0.798773017920442	4.21254289117442e-12	1	0.49923896499239	0.352266207687894	0.146972757304495	0.49923896499239	0.352266207687894	0.146972757304495	0.0543088157670858	TRUE	0.00312255616798035
AP2M1	0.608425295200797	2.94024935425508e-34	1	0.916286149162861	0.837636259323006	0.0786498898398551	0.916286149162861	0.837636259323006	0.0786498898398551	0.0973368884862533	TRUE	0.00309046522653261
PLEKHA5	0.547040621294092	0.00018242265301231	1	0.578386605783866	0.500286861732645	0.0780997440512211	0.578386605783866	0.500286861732645	0.0780997440512211	0.135315523627689	TRUE	0.00304755382218306
COPG2	0.803035497885353	6.84581958339399e-07	1	0.374429223744292	0.258175559380379	0.116253664363914	0.374429223744292	0.258175559380379	0.116253664363914	0.0764366207507422	TRUE	0.00302658728336927
KCNK10	1.84232262680701	4.73938954999227e-06	1	0.115677321156773	0.0453241537578887	0.0703531673988845	0.115677321156773	0.0453241537578887	0.0703531673988845	0.0975481131104491	TRUE	0.00298069669714784
FAM89B	0.526788754758755	5.36707444926582e-21	1	0.861491628614916	0.80837636259323	0.0531152660216861	0.861491628614916	0.80837636259323	0.0531152660216861	0.164946798368373	TRUE	0.00296927716688624
GRIK3	2.57163223701291	7.21899644706212e-07	1	0.0547945205479452	0.00975329890992542	0.0450412216380198	0.0547945205479452	0.00975329890992542	0.0450412216380198	0.154955930988313	TRUE	0.00291220037063362
SHC3	1.32041331843704	0.0386243777843591	1	0.132420091324201	0.0717154331612163	0.0607046581629846	0.132420091324201	0.0717154331612163	0.0607046581629846	0.138931028847907	TRUE	0.00280888247536476
AFF2	1.05510445817802	0.000119476391432243	1	0.263318112633181	0.167527251864601	0.0957908607685798	0.263318112633181	0.167527251864601	0.0957908607685798	0.0766052384421389	TRUE	0.00275387250758411
NCAN	0.829448173291977	4.9542008816031e-06	1	0.240487062404871	0.132530120481928	0.107956941922943	0.240487062404871	0.132530120481928	0.107956941922943	0.0897060644255493	TRUE	0.00273044197943805
HPCAL4	1.62704527098797	3.83485392378168e-13	1	0.141552511415525	0.0413080895008606	0.100244421914665	0.141552511415525	0.0413080895008606	0.100244421914665	0.062933375583083	TRUE	0.00267685674465937
DPP6	1.3061480238955	4.51852991611527e-10	1	0.161339421613394	0.0602409638554217	0.101098457757973	0.161339421613394	0.0602409638554217	0.101098457757973	0.0721277616781762	TRUE	0.0026517653543399
ENOX1	1.74597972934759	6.76410927356874e-14	1	0.13089802130898	0.0344234079173838	0.0964746133915964	0.13089802130898	0.0344234079173838	0.0964746133915964	0.0607010580366636	TRUE	0.00256413275817655
PLXNC1	1.00937398088272	0.00765298288335231	1	0.159817351598174	0.0883534136546185	0.071463937943555	0.159817351598174	0.0883534136546185	0.071463937943555	0.127502327870366	TRUE	0.00254855839579899
KLC1	0.549594797194891	3.96526776397342e-22	1	0.873668188736682	0.783706253585772	0.0899619351509102	0.873668188736682	0.783706253585772	0.0899619351509102	0.077880466434886	TRUE	0.00249475940186688
FBXL16	0.921897616404886	1.80559994312984e-09	1	0.273972602739726	0.142283419391853	0.131689183347873	0.273972602739726	0.142283419391853	0.131689183347873	0.0566282529589368	TRUE	0.0024942787614979
JPH3	1.632419763956	0.00164874715641065	1	0.091324200913242	0.0367183017785427	0.0546058991346993	0.091324200913242	0.0367183017785427	0.0546058991346993	0.131455910914111	TRUE	0.00245453894443543
PRKCZ	1.0147006239092	8.83083881003008e-06	1	0.211567732115677	0.113597246127367	0.0979704859883107	0.211567732115677	0.113597246127367	0.0979704859883107	0.0747534940851041	TRUE	0.00236927167940803
BTBD6	0.800444601261481	0.000345062706292169	1	0.308980213089802	0.208835341365462	0.10014487172434	0.308980213089802	0.208835341365462	0.10014487172434	0.0764046167881598	TRUE	0.00235977388963051
LINC01508	2.41860700881071	2.17404161939905e-07	1	0.0578386605783866	0.0103270223752151	0.0475116382031715	0.0578386605783866	0.0103270223752151	0.0475116382031715	0.119290741205349	TRUE	0.00228510743759733
MARCH6	0.587336950531136	9.78285750128062e-24	1	0.873668188736682	0.80895008605852	0.064718102678162	0.873668188736682	0.80895008605852	0.064718102678162	0.092202439340728	TRUE	0.00227067110915837
SNTG1	1.99274270273312	1.04396083526699e-08	1	0.0943683409436834	0.0258175559380379	0.0685507850056455	0.0943683409436834	0.0258175559380379	0.0685507850056455	0.0780590562980756	TRUE	0.00227052128451289
ITPK1	1.12385710005884	0.0351129013803952	1	0.146118721461187	0.0820424555364314	0.0640762659247558	0.146118721461187	0.0820424555364314	0.0640762659247558	0.116190860964728	TRUE	0.00221696405301199
SEZ6L	1.54944928212995	1.07940002697635e-05	1	0.0958904109589041	0.0327022375215146	0.0631881734373895	0.0958904109589041	0.0327022375215146	0.0631881734373895	0.105111453893976	TRUE	0.00220890104617661
RAC3	0.801005215941348	3.55549784296769e-06	1	0.365296803652968	0.248422260470453	0.116874543182515	0.365296803652968	0.248422260470453	0.116874543182515	0.0563028202702351	TRUE	0.00220817667092576
RGS7BP	1.97581962482008	4.88360438155136e-06	1	0.0821917808219178	0.0246701090074584	0.0575216718144594	0.0821917808219178	0.0246701090074584	0.0575216718144594	0.0966050578029877	TRUE	0.00218181697106555
NPY2R	2.85840049717526	0.000732669273094127	1	0.0410958904109589	0.00803212851405622	0.0330637618969027	0.0410958904109589	0.00803212851405622	0.0330637618969027	0.162378663991548	TRUE	0.00215639822506994
GDPD5	1.70253545345498	0.000152181647180385	1	0.0745814307458143	0.0235226620768789	0.0510587686689354	0.0745814307458143	0.0235226620768789	0.0510587686689354	0.130404285228495	TRUE	0.00214584911252608
HCFC1R1	0.625146438399775	9.97028091387893e-07	1	0.491628614916286	0.367183017785427	0.124445597130859	0.491628614916286	0.367183017785427	0.124445597130859	0.055561713733403	TRUE	0.0021007819010584
GGH	0.690376678786508	0.000478428094991074	1	0.366818873668189	0.266207687894435	0.100611185773754	0.366818873668189	0.266207687894435	0.100611185773754	0.0715836092449275	TRUE	0.00208735957820836
FAM161B	1.29323450069443	5.46334482464306e-05	1	0.146118721461187	0.0688468158347676	0.0772719056264196	0.146118721461187	0.0688468158347676	0.0772719056264196	0.0785895519199566	TRUE	0.00208085639828047
AC004943.2	1.11369589176368	0.00975546739907243	1	0.15220700152207	0.0826161790017212	0.0695908225203488	0.15220700152207	0.0826161790017212	0.0695908225203488	0.09843072016251	TRUE	0.00206296578977298
KCNB2	0.873744768377592	9.26383851849612e-06	1	0.273972602739726	0.163511187607573	0.110461415132153	0.273972602739726	0.163511187607573	0.110461415132153	0.058670623143509	TRUE	0.00205444690006185
RIMKLA	1.18680828732351	1.90717763252526e-07	1	0.176560121765601	0.0797475616752725	0.0968125600903287	0.176560121765601	0.0797475616752725	0.0968125600903287	0.0594644284618323	TRUE	0.00198994601600472
CARMIL1	1.2501423568238	0.000581646158113847	1	0.118721461187215	0.0527825588066552	0.0659389023805594	0.118721461187215	0.0527825588066552	0.0659389023805594	0.100455422161054	TRUE	0.00197771926638669
CLK4	0.882971946019808	0.00127384879433435	1	0.245053272450533	0.153757888697648	0.091295383752885	0.245053272450533	0.153757888697648	0.091295383752885	0.0698842398277778	TRUE	0.00193299479016115
PRICKLE1	1.7336310781874	1.87143916325389e-08	1	0.10958904109589	0.0344234079173838	0.0751656331785066	0.10958904109589	0.0344234079173838	0.0751656331785066	0.0637596908524526	TRUE	0.00190647551150926
ELAVL3	0.272777214293485	1.25861286271413e-06	1	0.888888888888889	0.790590935169248	0.0982979537196405	0.888888888888889	0.790590935169248	0.0982979537196405	0.106204053082827	TRUE	0.00186098493727579
SYT13	1.32508606084951	2.4331306528232e-08	1	0.135464231354642	0.0493402180149168	0.0861240133397255	0.135464231354642	0.0493402180149168	0.0861240133397255	0.0619484842039431	TRUE	0.00180358580618252
ATP1B3	0.3907054679058	0.00731780174735104	1	0.732115677321157	0.684452094090648	0.0476635832305085	0.732115677321157	0.684452094090648	0.0476635832305085	0.162209363682755	TRUE	0.00179154372728554
RRAGD	1.17211125926522	0.000426503755005099	1	0.153729071537291	0.0780263912794033	0.0757026802578874	0.153729071537291	0.0780263912794033	0.0757026802578874	0.0728639691887433	TRUE	0.00175709960947858
KCNF1	2.6783687479573	5.9697890862839e-06	1	0.0517503805175038	0.00975329890992542	0.0419970816075784	0.0517503805175038	0.00975329890992542	0.0419970816075784	0.0966266216428772	TRUE	0.00171383304113144
SLC9A6	1.03939488313381	0.000127683799705895	1	0.165905631659056	0.0831899024670109	0.0827157291920454	0.165905631659056	0.0831899024670109	0.0827157291920454	0.0698647820005969	TRUE	0.00169583272089018
MAPK8IP2	0.675317684324958	0.00433780035365172	1	0.351598173515982	0.257028112449799	0.0945700610661825	0.351598173515982	0.257028112449799	0.0945700610661825	0.0603670465103993	TRUE	0.00158456656014622
ZNF428	0.665899203490571	4.85521692615601e-72	1	0.987823439878234	0.95754446356856	0.0302789763096745	0.987823439878234	0.95754446356856	0.0302789763096745	0.110939819531284	TRUE	0.00154099866800253
MDGA2	1.84387769010036	1.07510430175544e-06	1	0.0806697108066971	0.0223752151462995	0.0582944956603976	0.0806697108066971	0.0223752151462995	0.0582944956603976	0.0725612250158682	TRUE	0.00153548287117936
BRINP3	2.77276176286631	4.32833241234705e-08	1	0.0624048706240487	0.0114744693057946	0.0509304013182541	0.0624048706240487	0.0114744693057946	0.0509304013182541	0.0627612480302095	TRUE	0.00153467327534023
GUK1	0.452160865483674	2.20981758696359e-21	1	0.919330289193303	0.882960413080895	0.0363698761124078	0.919330289193303	0.882960413080895	0.0363698761124078	0.138583018342547	TRUE	0.00151462825699542
ATOX1	0.359935563078646	2.11635992827065e-12	1	0.86910197869102	0.822145725760184	0.0469562529308362	0.86910197869102	0.822145725760184	0.0469562529308362	0.128842269112609	TRUE	0.00140714025479792
DRAP1	0.377427366108762	3.96896775004261e-10	1	0.866057838660578	0.820998278829604	0.0450595598309743	0.866057838660578	0.820998278829604	0.0450595598309743	0.124983765285216	TRUE	0.00137111172570864
TNR	3.18678767780826	0.00128121972208208	1	0.0273972602739726	0.00286861732644865	0.0245286429475239	0.0273972602739726	0.00286861732644865	0.0245286429475239	0.151298426631347	TRUE	0.0013568757825079
GRIN2B	1.87685400470648	2.71780624032912e-05	1	0.0700152207001522	0.0195065978198508	0.0505086228803014	0.0700152207001522	0.0195065978198508	0.0505086228803014	0.0771510218229302	TRUE	0.00134140337134796
PDE4A	2.11061961328296	0.00130629036858069	1	0.0502283105022831	0.0126219162363741	0.037606394265909	0.0502283105022831	0.0126219162363741	0.037606394265909	0.105636681233878	TRUE	0.00130252527470073
SFXN3	2.07846400530553	4.00659967999088e-05	1	0.0624048706240487	0.0160642570281124	0.0463406135959363	0.0624048706240487	0.0160642570281124	0.0463406135959363	0.0771060186833461	TRUE	0.00128595944227056
KCNIP1	1.57484410638637	1.20156520600941e-06	1	0.0882800608828006	0.0263912794033276	0.061888781479473	0.0882800608828006	0.0263912794033276	0.061888781479473	0.0636092567598659	TRUE	0.00127681094148699
CHD5	2.26180794003953	5.20412168811235e-07	1	0.0593607305936073	0.0114744693057946	0.0478862612878127	0.0593607305936073	0.0114744693057946	0.0478862612878127	0.0665881008836381	TRUE	0.00121797497115003
TCTEX1D2	0.323763448423096	0.00196508774328662	1	0.770167427701674	0.719449225473322	0.0507182022283523	0.770167427701674	0.719449225473322	0.0507182022283523	0.121609271332885	TRUE	0.00121472057892794
SH2B2	0.805022758918185	0.0222702791749868	1	0.165905631659056	0.0940906483075158	0.0718149833515405	0.165905631659056	0.0940906483075158	0.0718149833515405	0.0742024860604622	TRUE	0.00121114935972298
C4orf48	0.65894541967927	1.35459447857037e-68	1	0.998477929984779	0.986804360298336	0.0116735696864431	0.998477929984779	0.986804360298336	0.0116735696864431	0.226842270182761	TRUE	0.00120856998608925
AC004816.1	0.937224866854378	0.0472293601377348	1	0.168949771689498	0.0998278829604131	0.0691218887290846	0.168949771689498	0.0998278829604131	0.0691218887290846	0.0647141035364917	TRUE	0.00119443523035294
RRAGB	0.463345242597859	0.00299829445717351	1	0.467275494672755	0.370625358577166	0.0966501360955891	0.467275494672755	0.370625358577166	0.0966501360955891	0.0542681442665123	TRUE	0.00115150045266767
APOPT1	0.410407944282256	3.47618592374216e-06	1	0.756468797564688	0.707974756167527	0.0484940413971607	0.756468797564688	0.707974756167527	0.0484940413971607	0.0958105199629633	TRUE	0.00114957763340997
SMDT1	0.438574357964525	2.826418568086e-18	1	0.89041095890411	0.848537005163511	0.0418739537405984	0.89041095890411	0.848537005163511	0.0418739537405984	0.0934085679000577	TRUE	0.00112200457619356
SPRED3	0.786445155155604	0.0459638697288981	1	0.15220700152207	0.0849110728628801	0.0672959286591899	0.15220700152207	0.0849110728628801	0.0672959286591899	0.0778114106651692	TRUE	0.00111363609054616
ABCA3	0.918379538203361	0.00404587825912742	1	0.171993911719939	0.095811818703385	0.0761820930165541	0.171993911719939	0.095811818703385	0.0761820930165541	0.0527882015761883	TRUE	0.00106168080045012
CAMKV	1.15433539664471	0.00244566191294286	1	0.13089802130898	0.0642570281124498	0.0666409931965304	0.13089802130898	0.0642570281124498	0.0666409931965304	0.0531198223376863	TRUE	0.00102475982267596
MAP1B	0.813173603019726	1.72425547131372e-92	1	1	0.995983935742972	0.00401606425702816	1	0.995983935742972	0.00401606425702816	0.447618395275069	TRUE	0.00101325163256687
DLGAP4	0.430526084751494	0.00012725709821235	1	0.712328767123288	0.667240390131956	0.0450883769913313	0.712328767123288	0.667240390131956	0.0450883769913313	0.0853436847228771	TRUE	0.000969172683207847
SLC48A1	1.68389179287103	0.00496640000931816	1	0.0837138508371385	0.0332759609868044	0.0504378898503341	0.0837138508371385	0.0332759609868044	0.0504378898503341	0.0533633506656457	TRUE	0.000908946456887032
SLC8A3	2.83453427891963	0.00500455731594554	1	0.030441400304414	0.00458978772231784	0.0258516125820962	0.030441400304414	0.00458978772231784	0.0258516125820962	0.101222350810741	TRUE	0.00089702293177723
TRIM67	2.28478693412515	0.000275324255600429	1	0.0502283105022831	0.0114744693057946	0.0387538411964885	0.0502283105022831	0.0114744693057946	0.0387538411964885	0.0624377747459099	TRUE	0.000858830826934987
MGST3	0.27394193068575	3.01404844818811e-07	1	0.923896499238965	0.902467010900746	0.0214294883382191	0.923896499238965	0.902467010900746	0.0214294883382191	0.208709583981955	TRUE	0.000816300059550044
PPP2R5E	0.456588544513862	7.84152167780589e-07	1	0.709284627092846	0.65863453815261	0.0506500889402358	0.709284627092846	0.65863453815261	0.0506500889402358	0.0578466794433946	TRUE	0.000780943100575368
CFC1	2.2323916088268	0.00478731196001209	1	0.0319634703196347	0.00516351118760757	0.0267999591320271	0.0319634703196347	0.00516351118760757	0.0267999591320271	0.105216089585162	TRUE	0.000780079910796646
CCDC3	1.59873602361907	0.000481704042720687	1	0.0684931506849315	0.02122776821572	0.0472653824692115	0.0684931506849315	0.02122776821572	0.0472653824692115	0.0554344610435108	TRUE	0.000759886624293599
HRAS	0.308923588438985	0.0108230036678927	1	0.694063926940639	0.634538152610442	0.0595257743301975	0.694063926940639	0.634538152610442	0.0595257743301975	0.0704030468132504	TRUE	0.000747605997033591
INSRR	4.69887469363856	0.0183961863441265	1	0.0167427701674277	0.00057372346528973	0.016169046702138	0.0167427701674277	0.00057372346528973	0.016169046702138	0.100530307454448	TRUE	0.000685037598868657
ARPC2	0.396058146551043	5.68775677290078e-23	1	0.960426179604262	0.939759036144578	0.0206671434596835	0.960426179604262	0.939759036144578	0.0206671434596835	0.118100401168632	TRUE	0.000656671599167565
ADAP1	1.54636919110709	0.0110927720099568	1	0.0578386605783866	0.0183591508892714	0.0394795096891152	0.0578386605783866	0.0183591508892714	0.0394795096891152	0.0644477961867052	TRUE	0.000655884827494535
KLHL1	2.37010403302133	0.03505674344311	1	0.0319634703196347	0.00631095811818703	0.0256525122014477	0.0319634703196347	0.00631095811818703	0.0256525122014477	0.0839641448240043	TRUE	0.000632621000721392
TBCB	0.344834233948779	6.92872440841607e-12	1	0.916286149162861	0.897877223178428	0.0184089259844334	0.916286149162861	0.897877223178428	0.0184089259844334	0.145161736559333	TRUE	0.00061140924739018
ATP6V0B	0.448391566072617	4.784690325587e-25	1	0.961948249619482	0.93689041881813	0.0250578308013528	0.961948249619482	0.93689041881813	0.0250578308013528	0.0782946678002125	TRUE	0.000598045750534693
SELENOW	0.44318968769658	1.98997663377693e-26	1	0.952815829528158	0.943775100401606	0.00904072912655185	0.952815829528158	0.943775100401606	0.00904072912655185	0.183488782623464	TRUE	0.000497430678069509
NREP	0.575956735938012	3.41071198958669e-49	1	0.987823439878234	0.969018932874355	0.0188045070038798	0.987823439878234	0.969018932874355	0.0188045070038798	0.0590975757482107	TRUE	0.000440947215543148
YWHAB	0.424018154126296	2.44385963417379e-30	1	0.972602739726027	0.95811818703385	0.0144845526921777	0.972602739726027	0.95811818703385	0.0144845526921777	0.103287433908307	TRUE	0.000433640895194479
ABLIM3	3.78095407367054	0.0303690557737674	1	0.0182648401826484	0.00114744693057946	0.0171173932520689	0.0182648401826484	0.00114744693057946	0.0171173932520689	0.0656358266101828	TRUE	0.000397936145242746
STMN3	0.332025241925471	0.0457987828754783	1	0.646879756468798	0.609868043602983	0.0370117128658142	0.646879756468798	0.609868043602983	0.0370117128658142	0.0565571363469301	TRUE	0.000387467195337409
PPP1R14B	0.251218631738996	0.00639859104698817	1	0.951293759512938	0.947217441193345	0.00407631831959276	0.951293759512938	0.947217441193345	0.00407631831959276	0.342214043126166	TRUE	0.000236919358944169
BRI3	0.356476418919579	2.53053294135611e-14	1	0.936073059360731	0.922547332185886	0.0135257271748442	0.936073059360731	0.922547332185886	0.0135257271748442	0.0506309124848017	TRUE	0.000163714640223558
RSF1	0.320144385105213	1.54060749680185e-06	1	0.879756468797565	0.867469879518072	0.0122865892794923	0.879756468797565	0.867469879518072	0.0122865892794923	0.0561307617786354	TRUE	0.000143543939745665
TMEM167A	0.328935940167219	0.000135595979052171	1	0.834094368340944	0.83075157773953	0.00334279060141407	0.834094368340944	0.83075157773953	0.00334279060141407	0.198856815987312	TRUE	0.000138418467694802
BRK1	0.410793049558014	9.82732525207463e-37	1	0.984779299847793	0.981067125645439	0.00371217420235415	0.984779299847793	0.981067125645439	0.00371217420235415	0.120409185004219	TRUE	0.000126300761392578
JPT1	0.305066599656666	9.02058453563833e-24	1	0.995433789954338	0.991394148020654	0.00403964193368378	0.995433789954338	0.991394148020654	0.00403964193368378	0.139108521359502	TRUE	0.000118555830693865
CALM3	0.261238695337237	8.03662196955931e-06	1	0.937595129375951	0.928284566838784	0.00931056253716755	0.937595129375951	0.928284566838784	0.00931056253716755	0.0618636676071733	TRUE	0.000100990895635867
MYL6B	0.277282045061293	2.83056227003713e-09	1	0.923896499238965	0.916810097532989	0.00708640170597585	0.923896499238965	0.916810097532989	0.00708640170597585	0.0503397644553849	TRUE	6.5901578464965e-05
YWHAQ	0.404813848950044	2.71321359936471e-39	1	0.990867579908676	0.989672977624785	0.0011946022838909	0.990867579908676	0.989672977624785	0.0011946022838909	0.173432341979224	TRUE	5.78684781925075e-05
PTMS	0.434910555688571	3.13916454121342e-50	1	0.996955859969559	0.994836488812392	0.00211937115716621	0.996955859969559	0.994836488812392	0.00211937115716621	0.0778444483916546	TRUE	4.96590080319712e-05
CFL1	0.332008417553209	1.18269022234913e-31	1	0.992389649923896	0.991967871485944	0.000421778437952658	0.992389649923896	0.991967871485944	0.000421778437952658	0.164664435706234	TRUE	1.59220818850996e-05
ACTG1	0.296122104408044	1.16456195781294e-28	1	1	1	0	1	1	0	0.0715100723618361	TRUE	0
ATP5F1E	0.315218708530227	5.43979392961971e-32	1	0.996955859969559	0.998278829604131	-0.00132296963457224	0.996955859969559	0.998278829604131	-0.00132296963457224	0.253694402826369	TRUE	0
FTH1	0.307852386158691	1.2954041426677e-30	1	1	1	0	1	1	0	0.297890995587295	TRUE	0
PRDX5	0.379888516347677	3.53506583609266e-20	1	0.943683409436834	0.954102122776822	-0.0104187133399876	0.943683409436834	0.954102122776822	-0.0104187133399876	0.143696410270823	TRUE	0
TMSB10	0.60232133330105	2.43100915901753e-78	1	0.998477929984779	1	-0.00152207001522076	0.998477929984779	1	-0.00152207001522076	0.224354601823507	TRUE	0
TRAPPC1	0.294690493134602	0.000297161248277297	1	0.853881278538813	0.858864027538726	-0.00498274899991358	0.853881278538813	0.858864027538726	-0.00498274899991358	0.111133987276924	TRUE	0
TUBA1A	0.632598869068938	1.6365278678325e-72	1	0.998477929984779	1	-0.00152207001522076	0.998477929984779	1	-0.00152207001522076	0.0547415031705821	TRUE	0
